county,precinct,office,district,party,candidate,election_day,mail,provisional,votes
Butte,1101,,,,Registered Voters,,,,1302
Butte,1102,,,,Registered Voters,,,,1527
Butte,1103,,,,Registered Voters,,,,1712
Butte,1104,,,,Registered Voters,,,,1600
Butte,1105,,,,Registered Voters,,,,1193
Butte,1106,,,,Registered Voters,,,,1113
Butte,1801,,,,Registered Voters,,,,1263
Butte,1802,,,,Registered Voters,,,,1135
Butte,1803,,,,Registered Voters,,,,563
Butte,1804,,,,Registered Voters,,,,1026
Butte,1805,,,,Registered Voters,,,,1616
Butte,1806,,,,Registered Voters,,,,1749
Butte,1807,,,,Registered Voters,,,,1123
Butte,1808,,,,Registered Voters,,,,1379
Butte,1809,,,,Registered Voters,,,,1285
Butte,1810,,,,Registered Voters,,,,602
Butte,1811,,,,Registered Voters,,,,631
Butte,1812,,,,Registered Voters,,,,447
Butte,1813,,,,Registered Voters,,,,132
Butte,1901,,,,Registered Voters,,,,263
Butte,1902,,,,Registered Voters,,,,19
Butte,1903,,,,Registered Voters,,,,0
Butte,1904,,,,Registered Voters,,,,0
Butte,1905,,,,Registered Voters,,,,0
Butte,1906,,,,Registered Voters,,,,237
Butte,1907,,,,Registered Voters,,,,547
Butte,1908,,,,Registered Voters,,,,349
Butte,1909,,,,Registered Voters,,,,150
Butte,1910,,,,Registered Voters,,,,519
Butte,1911,,,,Registered Voters,,,,618
Butte,1912,,,,Registered Voters,,,,113
Butte,1913,,,,Registered Voters,,,,654
Butte,1914,,,,Registered Voters,,,,33
Butte,1915,,,,Registered Voters,,,,49
Butte,1916,,,,Registered Voters,,,,30
Butte,1917,,,,Registered Voters,,,,275
Butte,1918,,,,Registered Voters,,,,132
Butte,2201,,,,Registered Voters,,,,1628
Butte,2202,,,,Registered Voters,,,,1144
Butte,2203,,,,Registered Voters,,,,1292
Butte,2204,,,,Registered Voters,,,,3356
Butte,2205,,,,Registered Voters,,,,574
Butte,2206,,,,Registered Voters,,,,1377
Butte,2207,,,,Registered Voters,,,,55
Butte,2208,,,,Registered Voters,,,,1558
Butte,2209,,,,Registered Voters,,,,1362
Butte,2210,,,,Registered Voters,,,,625
Butte,2211,,,,Registered Voters,,,,849
Butte,2212,,,,Registered Voters,,,,2717
Butte,2213,,,,Registered Voters,,,,1223
Butte,2214,,,,Registered Voters,,,,1029
Butte,2215,,,,Registered Voters,,,,1241
Butte,2216,,,,Registered Voters,,,,530
Butte,2217,,,,Registered Voters,,,,770
Butte,2801,,,,Registered Voters,,,,1618
Butte,2802,,,,Registered Voters,,,,874
Butte,2804,,,,Registered Voters,,,,1422
Butte,2805,,,,Registered Voters,,,,1468
Butte,2901,,,,Registered Voters,,,,329
Butte,2902,,,,Registered Voters,,,,539
Butte,2903,,,,Registered Voters,,,,3
Butte,2904,,,,Registered Voters,,,,462
Butte,2905,,,,Registered Voters,,,,474
Butte,3201,,,,Registered Voters,,,,1179
Butte,3202,,,,Registered Voters,,,,3220
Butte,3203,,,,Registered Voters,,,,2129
Butte,3204,,,,Registered Voters,,,,591
Butte,3205,,,,Registered Voters,,,,1689
Butte,3206,,,,Registered Voters,,,,1061
Butte,3207,,,,Registered Voters,,,,544
Butte,3208,,,,Registered Voters,,,,2184
Butte,3209,,,,Registered Voters,,,,1668
Butte,3210,,,,Registered Voters,,,,1731
Butte,3211,,,,Registered Voters,,,,2598
Butte,3212,,,,Registered Voters,,,,1578
Butte,3213,,,,Registered Voters,,,,1306
Butte,3214,,,,Registered Voters,,,,1453
Butte,3215,,,,Registered Voters,,,,1513
Butte,3216,,,,Registered Voters,,,,1704
Butte,3217,,,,Registered Voters,,,,1592
Butte,3218,,,,Registered Voters,,,,852
Butte,3801,,,,Registered Voters,,,,1
Butte,3802,,,,Registered Voters,,,,1001
Butte,3803,,,,Registered Voters,,,,0
Butte,3901,,,,Registered Voters,,,,13
Butte,3902,,,,Registered Voters,,,,362
Butte,3903,,,,Registered Voters,,,,274
Butte,3904,,,,Registered Voters,,,,574
Butte,3905,,,,Registered Voters,,,,14
Butte,3906,,,,Registered Voters,,,,40
Butte,3907,,,,Registered Voters,,,,6
Butte,4201,,,,Registered Voters,,,,1531
Butte,4202,,,,Registered Voters,,,,1789
Butte,4203,,,,Registered Voters,,,,1727
Butte,4204,,,,Registered Voters,,,,1275
Butte,4205,,,,Registered Voters,,,,1125
Butte,4206,,,,Registered Voters,,,,71
Butte,4301,,,,Registered Voters,,,,2038
Butte,4302,,,,Registered Voters,,,,1414
Butte,4401,,,,Registered Voters,,,,950
Butte,4801,,,,Registered Voters,,,,1721
Butte,4802,,,,Registered Voters,,,,1582
Butte,4803,,,,Registered Voters,,,,923
Butte,4804,,,,Registered Voters,,,,1421
Butte,4805,,,,Registered Voters,,,,944
Butte,4806,,,,Registered Voters,,,,1977
Butte,4807,,,,Registered Voters,,,,749
Butte,4808,,,,Registered Voters,,,,2365
Butte,4901,,,,Registered Voters,,,,648
Butte,4902,,,,Registered Voters,,,,0
Butte,4903,,,,Registered Voters,,,,0
Butte,4904,,,,Registered Voters,,,,0
Butte,4905,,,,Registered Voters,,,,215
Butte,4906,,,,Registered Voters,,,,330
Butte,4907,,,,Registered Voters,,,,52
Butte,4908,,,,Registered Voters,,,,63
Butte,4909,,,,Registered Voters,,,,43
Butte,4910,,,,Registered Voters,,,,0
Butte,4911,,,,Registered Voters,,,,113
Butte,4912,,,,Registered Voters,,,,315
Butte,4913,,,,Registered Voters,,,,67
Butte,5201,,,,Registered Voters,,,,1668
Butte,5202,,,,Registered Voters,,,,0
Butte,5501,,,,Registered Voters,,,,229
Butte,5502,,,,Registered Voters,,,,290
Butte,5503,,,,Registered Voters,,,,259
Butte,5504,,,,Registered Voters,,,,197
Butte,5505,,,,Registered Voters,,,,526
Butte,5506,,,,Registered Voters,,,,483
Butte,5507,,,,Registered Voters,,,,268
Butte,5508,,,,Registered Voters,,,,195
Butte,5509,,,,Registered Voters,,,,452
Butte,5510,,,,Registered Voters,,,,429
Butte,5511,,,,Registered Voters,,,,546
Butte,5512,,,,Registered Voters,,,,590
Butte,5513,,,,Registered Voters,,,,490
Butte,5801,,,,Registered Voters,,,,613
Butte,5802,,,,Registered Voters,,,,1061
Butte,5803,,,,Registered Voters,,,,2111
Butte,5804,,,,Registered Voters,,,,925
Butte,5805,,,,Registered Voters,,,,405
Butte,5901,,,,Registered Voters,,,,0
Butte,5902,,,,Registered Voters,,,,69
Butte,5903,,,,Registered Voters,,,,32
Butte,5904,,,,Registered Voters,,,,419
Butte,5905,,,,Registered Voters,,,,362
Butte,5906,,,,Registered Voters,,,,36
Butte,5907,,,,Registered Voters,,,,36
Butte,5908,,,,Registered Voters,,,,6
Butte,5909,,,,Registered Voters,,,,484
Butte,5910,,,,Registered Voters,,,,518
Butte,5911,,,,Registered Voters,,,,453
Butte,5912,,,,Registered Voters,,,,187
Butte,5913,,,,Registered Voters,,,,257
Butte,5914,,,,Registered Voters,,,,232
Butte,5915,,,,Registered Voters,,,,0
Butte,5916,,,,Registered Voters,,,,4
Butte,1101,,,,Ballots Cast,,,,914
Butte,1102,,,,Ballots Cast,,,,996
Butte,1103,,,,Ballots Cast,,,,1272
Butte,1104,,,,Ballots Cast,,,,1345
Butte,1105,,,,Ballots Cast,,,,968
Butte,1106,,,,Ballots Cast,,,,696
Butte,1801,,,,Ballots Cast,,,,1029
Butte,1802,,,,Ballots Cast,,,,969
Butte,1803,,,,Ballots Cast,,,,437
Butte,1804,,,,Ballots Cast,,,,713
Butte,1805,,,,Ballots Cast,,,,1359
Butte,1806,,,,Ballots Cast,,,,1492
Butte,1807,,,,Ballots Cast,,,,832
Butte,1808,,,,Ballots Cast,,,,1007
Butte,1809,,,,Ballots Cast,,,,1088
Butte,1810,,,,Ballots Cast,,,,522
Butte,1811,,,,Ballots Cast,,,,482
Butte,1812,,,,Ballots Cast,,,,340
Butte,1813,,,,Ballots Cast,,,,103
Butte,1901,,,,Ballots Cast,,,,209
Butte,1902,,,,Ballots Cast,,,,15
Butte,1903,,,,Ballots Cast,,,,0
Butte,1904,,,,Ballots Cast,,,,0
Butte,1905,,,,Ballots Cast,,,,0
Butte,1906,,,,Ballots Cast,,,,173
Butte,1907,,,,Ballots Cast,,,,401
Butte,1908,,,,Ballots Cast,,,,227
Butte,1909,,,,Ballots Cast,,,,121
Butte,1910,,,,Ballots Cast,,,,432
Butte,1911,,,,Ballots Cast,,,,453
Butte,1912,,,,Ballots Cast,,,,87
Butte,1913,,,,Ballots Cast,,,,502
Butte,1914,,,,Ballots Cast,,,,28
Butte,1915,,,,Ballots Cast,,,,37
Butte,1916,,,,Ballots Cast,,,,27
Butte,1917,,,,Ballots Cast,,,,232
Butte,1918,,,,Ballots Cast,,,,110
Butte,2201,,,,Ballots Cast,,,,1400
Butte,2202,,,,Ballots Cast,,,,1039
Butte,2203,,,,Ballots Cast,,,,1180
Butte,2204,,,,Ballots Cast,,,,2904
Butte,2205,,,,Ballots Cast,,,,526
Butte,2206,,,,Ballots Cast,,,,1118
Butte,2207,,,,Ballots Cast,,,,11
Butte,2208,,,,Ballots Cast,,,,1147
Butte,2209,,,,Ballots Cast,,,,1042
Butte,2210,,,,Ballots Cast,,,,465
Butte,2211,,,,Ballots Cast,,,,666
Butte,2212,,,,Ballots Cast,,,,2223
Butte,2213,,,,Ballots Cast,,,,1061
Butte,2214,,,,Ballots Cast,,,,861
Butte,2215,,,,Ballots Cast,,,,1100
Butte,2216,,,,Ballots Cast,,,,444
Butte,2217,,,,Ballots Cast,,,,666
Butte,2801,,,,Ballots Cast,,,,1417
Butte,2802,,,,Ballots Cast,,,,785
Butte,2804,,,,Ballots Cast,,,,1280
Butte,2805,,,,Ballots Cast,,,,1350
Butte,2901,,,,Ballots Cast,,,,281
Butte,2902,,,,Ballots Cast,,,,469
Butte,2903,,,,Ballots Cast,,,,3
Butte,2904,,,,Ballots Cast,,,,415
Butte,2905,,,,Ballots Cast,,,,396
Butte,3201,,,,Ballots Cast,,,,1041
Butte,3202,,,,Ballots Cast,,,,2885
Butte,3203,,,,Ballots Cast,,,,1883
Butte,3204,,,,Ballots Cast,,,,499
Butte,3205,,,,Ballots Cast,,,,1528
Butte,3206,,,,Ballots Cast,,,,949
Butte,3207,,,,Ballots Cast,,,,509
Butte,3208,,,,Ballots Cast,,,,1963
Butte,3209,,,,Ballots Cast,,,,1433
Butte,3210,,,,Ballots Cast,,,,1513
Butte,3211,,,,Ballots Cast,,,,2185
Butte,3212,,,,Ballots Cast,,,,1311
Butte,3213,,,,Ballots Cast,,,,1035
Butte,3214,,,,Ballots Cast,,,,1291
Butte,3215,,,,Ballots Cast,,,,1357
Butte,3216,,,,Ballots Cast,,,,1425
Butte,3217,,,,Ballots Cast,,,,1301
Butte,3218,,,,Ballots Cast,,,,794
Butte,3801,,,,Ballots Cast,,,,0
Butte,3802,,,,Ballots Cast,,,,886
Butte,3803,,,,Ballots Cast,,,,0
Butte,3901,,,,Ballots Cast,,,,8
Butte,3902,,,,Ballots Cast,,,,337
Butte,3903,,,,Ballots Cast,,,,249
Butte,3904,,,,Ballots Cast,,,,471
Butte,3905,,,,Ballots Cast,,,,10
Butte,3906,,,,Ballots Cast,,,,37
Butte,3907,,,,Ballots Cast,,,,4
Butte,4201,,,,Ballots Cast,,,,1163
Butte,4202,,,,Ballots Cast,,,,1524
Butte,4203,,,,Ballots Cast,,,,1376
Butte,4204,,,,Ballots Cast,,,,1077
Butte,4205,,,,Ballots Cast,,,,939
Butte,4206,,,,Ballots Cast,,,,64
Butte,4301,,,,Ballots Cast,,,,1646
Butte,4302,,,,Ballots Cast,,,,1135
Butte,4401,,,,Ballots Cast,,,,774
Butte,4801,,,,Ballots Cast,,,,1224
Butte,4802,,,,Ballots Cast,,,,1142
Butte,4803,,,,Ballots Cast,,,,802
Butte,4804,,,,Ballots Cast,,,,1234
Butte,4805,,,,Ballots Cast,,,,829
Butte,4806,,,,Ballots Cast,,,,1793
Butte,4807,,,,Ballots Cast,,,,657
Butte,4808,,,,Ballots Cast,,,,2107
Butte,4901,,,,Ballots Cast,,,,494
Butte,4902,,,,Ballots Cast,,,,0
Butte,4903,,,,Ballots Cast,,,,0
Butte,4904,,,,Ballots Cast,,,,0
Butte,4905,,,,Ballots Cast,,,,177
Butte,4906,,,,Ballots Cast,,,,229
Butte,4907,,,,Ballots Cast,,,,36
Butte,4908,,,,Ballots Cast,,,,48
Butte,4909,,,,Ballots Cast,,,,38
Butte,4910,,,,Ballots Cast,,,,0
Butte,4911,,,,Ballots Cast,,,,99
Butte,4912,,,,Ballots Cast,,,,279
Butte,4913,,,,Ballots Cast,,,,50
Butte,5201,,,,Ballots Cast,,,,1505
Butte,5202,,,,Ballots Cast,,,,0
Butte,5501,,,,Ballots Cast,,,,189
Butte,5502,,,,Ballots Cast,,,,256
Butte,5503,,,,Ballots Cast,,,,234
Butte,5504,,,,Ballots Cast,,,,155
Butte,5505,,,,Ballots Cast,,,,425
Butte,5506,,,,Ballots Cast,,,,385
Butte,5507,,,,Ballots Cast,,,,218
Butte,5508,,,,Ballots Cast,,,,164
Butte,5509,,,,Ballots Cast,,,,353
Butte,5510,,,,Ballots Cast,,,,371
Butte,5511,,,,Ballots Cast,,,,440
Butte,5512,,,,Ballots Cast,,,,498
Butte,5513,,,,Ballots Cast,,,,428
Butte,5801,,,,Ballots Cast,,,,494
Butte,5802,,,,Ballots Cast,,,,835
Butte,5803,,,,Ballots Cast,,,,1709
Butte,5804,,,,Ballots Cast,,,,791
Butte,5805,,,,Ballots Cast,,,,315
Butte,5901,,,,Ballots Cast,,,,2
Butte,5902,,,,Ballots Cast,,,,59
Butte,5903,,,,Ballots Cast,,,,29
Butte,5904,,,,Ballots Cast,,,,383
Butte,5905,,,,Ballots Cast,,,,322
Butte,5906,,,,Ballots Cast,,,,32
Butte,5907,,,,Ballots Cast,,,,27
Butte,5908,,,,Ballots Cast,,,,6
Butte,5909,,,,Ballots Cast,,,,419
Butte,5910,,,,Ballots Cast,,,,431
Butte,5911,,,,Ballots Cast,,,,380
Butte,5912,,,,Ballots Cast,,,,150
Butte,5913,,,,Ballots Cast,,,,236
Butte,5914,,,,Ballots Cast,,,,200
Butte,5915,,,,Ballots Cast,,,,0
Butte,5916,,,,Ballots Cast,,,,3
Butte,1101,President,,DEM,Joe Biden,0,373,5,378
Butte,1102,President,,DEM,Joe Biden,1,454,7,462
Butte,1103,President,,DEM,Joe Biden,3,526,6,535
Butte,1104,President,,DEM,Joe Biden,0,423,5,428
Butte,1105,President,,DEM,Joe Biden,1,324,2,327
Butte,1106,President,,DEM,Joe Biden,4,339,5,348
Butte,1801,President,,DEM,Joe Biden,1,304,1,306
Butte,1802,President,,DEM,Joe Biden,1,272,1,274
Butte,1803,President,,DEM,Joe Biden,0,138,2,140
Butte,1804,President,,DEM,Joe Biden,7,263,1,271
Butte,1805,President,,DEM,Joe Biden,2,487,2,491
Butte,1806,President,,DEM,Joe Biden,2,482,3,487
Butte,1807,President,,DEM,Joe Biden,1,240,4,245
Butte,1808,President,,DEM,Joe Biden,3,296,5,304
Butte,1809,President,,DEM,Joe Biden,4,279,2,285
Butte,1810,President,,DEM,Joe Biden,1,160,1,162
Butte,1811,President,,DEM,Joe Biden,4,183,1,188
Butte,1812,President,,DEM,Joe Biden,1,122,3,126
Butte,1813,President,,DEM,Joe Biden,0,34,0,34
Butte,1901,President,,DEM,Joe Biden,0,87,0,87
Butte,1902,President,,DEM,Joe Biden,0,10,1,11
Butte,1903,President,,DEM,Joe Biden,0,0,0,0
Butte,1904,President,,DEM,Joe Biden,0,0,0,0
Butte,1905,President,,DEM,Joe Biden,0,0,0,0
Butte,1906,President,,DEM,Joe Biden,0,78,0,78
Butte,1907,President,,DEM,Joe Biden,0,154,2,156
Butte,1908,President,,DEM,Joe Biden,1,79,3,83
Butte,1909,President,,DEM,Joe Biden,0,29,0,29
Butte,1910,President,,DEM,Joe Biden,1,131,1,133
Butte,1911,President,,DEM,Joe Biden,1,121,1,123
Butte,1912,President,,DEM,Joe Biden,0,25,0,25
Butte,1913,President,,DEM,Joe Biden,0,154,0,154
Butte,1914,President,,DEM,Joe Biden,0,10,0,10
Butte,1915,President,,DEM,Joe Biden,0,14,0,14
Butte,1916,President,,DEM,Joe Biden,0,4,0,4
Butte,1917,President,,DEM,Joe Biden,0,72,0,72
Butte,1918,President,,DEM,Joe Biden,0,21,0,21
Butte,2201,President,,DEM,Joe Biden,20,805,9,834
Butte,2202,President,,DEM,Joe Biden,9,546,6,561
Butte,2203,President,,DEM,Joe Biden,10,556,4,570
Butte,2204,President,,DEM,Joe Biden,13,1410,14,1437
Butte,2205,President,,DEM,Joe Biden,6,280,5,291
Butte,2206,President,,DEM,Joe Biden,9,768,45,822
Butte,2207,President,,DEM,Joe Biden,0,9,1,10
Butte,2208,President,,DEM,Joe Biden,18,810,72,900
Butte,2209,President,,DEM,Joe Biden,17,744,65,826
Butte,2210,President,,DEM,Joe Biden,6,317,31,354
Butte,2211,President,,DEM,Joe Biden,9,347,6,362
Butte,2212,President,,DEM,Joe Biden,47,1499,27,1573
Butte,2213,President,,DEM,Joe Biden,10,745,20,775
Butte,2214,President,,DEM,Joe Biden,2,531,22,555
Butte,2215,President,,DEM,Joe Biden,16,579,3,598
Butte,2216,President,,DEM,Joe Biden,1,199,2,202
Butte,2217,President,,DEM,Joe Biden,10,421,3,434
Butte,2801,President,,DEM,Joe Biden,15,747,6,768
Butte,2802,President,,DEM,Joe Biden,1,453,1,455
Butte,2804,President,,DEM,Joe Biden,7,442,2,451
Butte,2805,President,,DEM,Joe Biden,2,510,2,514
Butte,2901,President,,DEM,Joe Biden,0,152,0,152
Butte,2902,President,,DEM,Joe Biden,0,196,2,198
Butte,2903,President,,DEM,Joe Biden,0,1,0,1
Butte,2904,President,,DEM,Joe Biden,1,132,3,136
Butte,2905,President,,DEM,Joe Biden,6,139,1,146
Butte,3201,President,,DEM,Joe Biden,2,566,6,574
Butte,3202,President,,DEM,Joe Biden,1,1521,16,1538
Butte,3203,President,,DEM,Joe Biden,2,1024,20,1046
Butte,3204,President,,DEM,Joe Biden,3,245,3,251
Butte,3205,President,,DEM,Joe Biden,1,902,16,919
Butte,3206,President,,DEM,Joe Biden,0,604,6,610
Butte,3207,President,,DEM,Joe Biden,0,343,0,343
Butte,3208,President,,DEM,Joe Biden,2,1223,11,1236
Butte,3209,President,,DEM,Joe Biden,14,1021,11,1046
Butte,3210,President,,DEM,Joe Biden,2,978,12,992
Butte,3211,President,,DEM,Joe Biden,22,1096,20,1138
Butte,3212,President,,DEM,Joe Biden,5,685,15,705
Butte,3213,President,,DEM,Joe Biden,16,607,18,641
Butte,3214,President,,DEM,Joe Biden,0,839,6,845
Butte,3215,President,,DEM,Joe Biden,0,736,7,743
Butte,3216,President,,DEM,Joe Biden,0,794,7,801
Butte,3217,President,,DEM,Joe Biden,4,769,8,781
Butte,3218,President,,DEM,Joe Biden,0,485,3,488
Butte,3801,President,,DEM,Joe Biden,0,0,0,0
Butte,3802,President,,DEM,Joe Biden,0,404,1,405
Butte,3803,President,,DEM,Joe Biden,0,0,0,0
Butte,3901,President,,DEM,Joe Biden,0,3,0,3
Butte,3902,President,,DEM,Joe Biden,0,181,0,181
Butte,3903,President,,DEM,Joe Biden,1,90,1,92
Butte,3904,President,,DEM,Joe Biden,0,227,2,229
Butte,3905,President,,DEM,Joe Biden,0,6,0,6
Butte,3906,President,,DEM,Joe Biden,0,13,0,13
Butte,3907,President,,DEM,Joe Biden,0,2,1,3
Butte,4201,President,,DEM,Joe Biden,12,807,68,887
Butte,4202,President,,DEM,Joe Biden,29,1080,32,1141
Butte,4203,President,,DEM,Joe Biden,24,767,19,810
Butte,4204,President,,DEM,Joe Biden,9,605,12,626
Butte,4205,President,,DEM,Joe Biden,15,553,14,582
Butte,4206,President,,DEM,Joe Biden,2,40,3,45
Butte,4301,President,,DEM,Joe Biden,10,706,12,728
Butte,4302,President,,DEM,Joe Biden,17,519,12,548
Butte,4401,President,,DEM,Joe Biden,2,273,3,278
Butte,4801,President,,DEM,Joe Biden,0,458,3,461
Butte,4802,President,,DEM,Joe Biden,1,368,3,372
Butte,4803,President,,DEM,Joe Biden,3,205,2,210
Butte,4804,President,,DEM,Joe Biden,13,326,3,342
Butte,4805,President,,DEM,Joe Biden,6,269,3,278
Butte,4806,President,,DEM,Joe Biden,4,555,3,562
Butte,4807,President,,DEM,Joe Biden,2,133,3,138
Butte,4808,President,,DEM,Joe Biden,8,960,8,976
Butte,4901,President,,DEM,Joe Biden,1,186,0,187
Butte,4902,President,,DEM,Joe Biden,0,0,0,0
Butte,4903,President,,DEM,Joe Biden,0,0,0,0
Butte,4904,President,,DEM,Joe Biden,0,0,0,0
Butte,4905,President,,DEM,Joe Biden,0,56,0,56
Butte,4906,President,,DEM,Joe Biden,0,68,1,69
Butte,4907,President,,DEM,Joe Biden,0,9,0,9
Butte,4908,President,,DEM,Joe Biden,0,18,0,18
Butte,4909,President,,DEM,Joe Biden,1,11,1,13
Butte,4910,President,,DEM,Joe Biden,0,0,0,0
Butte,4911,President,,DEM,Joe Biden,0,35,1,36
Butte,4912,President,,DEM,Joe Biden,0,49,0,49
Butte,4913,President,,DEM,Joe Biden,0,18,0,18
Butte,5201,President,,DEM,Joe Biden,15,825,9,849
Butte,5202,President,,DEM,Joe Biden,0,0,0,0
Butte,5501,President,,DEM,Joe Biden,0,68,1,69
Butte,5502,President,,DEM,Joe Biden,4,89,1,94
Butte,5503,President,,DEM,Joe Biden,1,73,2,76
Butte,5504,President,,DEM,Joe Biden,1,75,0,76
Butte,5505,President,,DEM,Joe Biden,4,144,1,149
Butte,5506,President,,DEM,Joe Biden,3,136,1,140
Butte,5507,President,,DEM,Joe Biden,3,82,2,87
Butte,5508,President,,DEM,Joe Biden,3,55,0,58
Butte,5509,President,,DEM,Joe Biden,9,116,3,128
Butte,5510,President,,DEM,Joe Biden,4,125,1,130
Butte,5511,President,,DEM,Joe Biden,1,175,0,176
Butte,5512,President,,DEM,Joe Biden,1,201,2,204
Butte,5513,President,,DEM,Joe Biden,1,131,2,134
Butte,5801,President,,DEM,Joe Biden,2,187,0,189
Butte,5802,President,,DEM,Joe Biden,8,351,3,362
Butte,5803,President,,DEM,Joe Biden,13,657,8,678
Butte,5804,President,,DEM,Joe Biden,6,267,3,276
Butte,5805,President,,DEM,Joe Biden,2,113,0,115
Butte,5901,President,,DEM,Joe Biden,0,0,1,1
Butte,5902,President,,DEM,Joe Biden,0,20,0,20
Butte,5903,President,,DEM,Joe Biden,0,7,0,7
Butte,5904,President,,DEM,Joe Biden,0,109,1,110
Butte,5905,President,,DEM,Joe Biden,0,158,0,158
Butte,5906,President,,DEM,Joe Biden,0,18,0,18
Butte,5907,President,,DEM,Joe Biden,0,13,1,14
Butte,5908,President,,DEM,Joe Biden,0,6,0,6
Butte,5909,President,,DEM,Joe Biden,2,243,0,245
Butte,5910,President,,DEM,Joe Biden,3,147,0,150
Butte,5911,President,,DEM,Joe Biden,0,113,2,115
Butte,5912,President,,DEM,Joe Biden,0,55,3,58
Butte,5913,President,,DEM,Joe Biden,3,67,3,73
Butte,5914,President,,DEM,Joe Biden,0,65,0,65
Butte,5915,President,,DEM,Joe Biden,0,0,0,0
Butte,5916,President,,DEM,Joe Biden,1,0,0,1
Butte,1101,President,,REP,Donald Trump,3,474,14,491
Butte,1102,President,,REP,Donald Trump,0,470,16,486
Butte,1103,President,,REP,Donald Trump,14,645,12,671
Butte,1104,President,,REP,Donald Trump,13,851,14,878
Butte,1105,President,,REP,Donald Trump,7,595,8,610
Butte,1106,President,,REP,Donald Trump,11,304,4,319
Butte,1801,President,,REP,Donald Trump,13,663,7,683
Butte,1802,President,,REP,Donald Trump,8,650,6,664
Butte,1803,President,,REP,Donald Trump,5,265,10,280
Butte,1804,President,,REP,Donald Trump,12,388,14,414
Butte,1805,President,,REP,Donald Trump,11,822,4,837
Butte,1806,President,,REP,Donald Trump,12,951,7,970
Butte,1807,President,,REP,Donald Trump,15,536,6,557
Butte,1808,President,,REP,Donald Trump,13,640,9,662
Butte,1809,President,,REP,Donald Trump,6,752,9,767
Butte,1810,President,,REP,Donald Trump,5,333,10,348
Butte,1811,President,,REP,Donald Trump,3,263,6,272
Butte,1812,President,,REP,Donald Trump,6,199,2,207
Butte,1813,President,,REP,Donald Trump,0,66,1,67
Butte,1901,President,,REP,Donald Trump,1,112,3,116
Butte,1902,President,,REP,Donald Trump,0,4,0,4
Butte,1903,President,,REP,Donald Trump,0,0,0,0
Butte,1904,President,,REP,Donald Trump,0,0,0,0
Butte,1905,President,,REP,Donald Trump,0,0,0,0
Butte,1906,President,,REP,Donald Trump,3,81,3,87
Butte,1907,President,,REP,Donald Trump,2,232,2,236
Butte,1908,President,,REP,Donald Trump,5,130,5,140
Butte,1909,President,,REP,Donald Trump,0,88,1,89
Butte,1910,President,,REP,Donald Trump,2,281,4,287
Butte,1911,President,,REP,Donald Trump,2,313,1,316
Butte,1912,President,,REP,Donald Trump,0,60,0,60
Butte,1913,President,,REP,Donald Trump,1,327,1,329
Butte,1914,President,,REP,Donald Trump,0,16,0,16
Butte,1915,President,,REP,Donald Trump,0,20,0,20
Butte,1916,President,,REP,Donald Trump,0,21,0,21
Butte,1917,President,,REP,Donald Trump,3,154,1,158
Butte,1918,President,,REP,Donald Trump,0,89,0,89
Butte,2201,President,,REP,Donald Trump,25,479,6,510
Butte,2202,President,,REP,Donald Trump,21,401,8,430
Butte,2203,President,,REP,Donald Trump,20,527,7,554
Butte,2204,President,,REP,Donald Trump,48,1250,28,1326
Butte,2205,President,,REP,Donald Trump,6,192,3,201
Butte,2206,President,,REP,Donald Trump,12,182,38,232
Butte,2207,President,,REP,Donald Trump,0,1,0,1
Butte,2208,President,,REP,Donald Trump,5,172,17,194
Butte,2209,President,,REP,Donald Trump,10,129,19,158
Butte,2210,President,,REP,Donald Trump,10,69,11,90
Butte,2211,President,,REP,Donald Trump,18,242,6,266
Butte,2212,President,,REP,Donald Trump,34,446,21,501
Butte,2213,President,,REP,Donald Trump,9,207,9,225
Butte,2214,President,,REP,Donald Trump,14,230,9,253
Butte,2215,President,,REP,Donald Trump,8,434,2,444
Butte,2216,President,,REP,Donald Trump,7,214,3,224
Butte,2217,President,,REP,Donald Trump,14,174,1,189
Butte,2801,President,,REP,Donald Trump,31,551,17,599
Butte,2802,President,,REP,Donald Trump,2,281,1,284
Butte,2804,President,,REP,Donald Trump,26,734,6,766
Butte,2805,President,,REP,Donald Trump,19,768,4,791
Butte,2901,President,,REP,Donald Trump,1,112,0,113
Butte,2902,President,,REP,Donald Trump,3,246,3,252
Butte,2903,President,,REP,Donald Trump,0,2,0,2
Butte,2904,President,,REP,Donald Trump,11,247,5,263
Butte,2905,President,,REP,Donald Trump,8,217,6,231
Butte,3201,President,,REP,Donald Trump,3,390,13,406
Butte,3202,President,,REP,Donald Trump,6,1194,25,1225
Butte,3203,President,,REP,Donald Trump,9,723,12,744
Butte,3204,President,,REP,Donald Trump,4,220,4,228
Butte,3205,President,,REP,Donald Trump,3,533,15,551
Butte,3206,President,,REP,Donald Trump,3,281,5,289
Butte,3207,President,,REP,Donald Trump,1,134,0,135
Butte,3208,President,,REP,Donald Trump,4,632,12,648
Butte,3209,President,,REP,Donald Trump,8,325,7,340
Butte,3210,President,,REP,Donald Trump,4,425,11,440
Butte,3211,President,,REP,Donald Trump,34,913,9,956
Butte,3212,President,,REP,Donald Trump,16,497,20,533
Butte,3213,President,,REP,Donald Trump,29,306,10,345
Butte,3214,President,,REP,Donald Trump,2,378,4,384
Butte,3215,President,,REP,Donald Trump,7,549,7,563
Butte,3216,President,,REP,Donald Trump,7,549,14,570
Butte,3217,President,,REP,Donald Trump,11,428,18,457
Butte,3218,President,,REP,Donald Trump,0,273,3,276
Butte,3801,President,,REP,Donald Trump,0,0,0,0
Butte,3802,President,,REP,Donald Trump,11,439,4,454
Butte,3803,President,,REP,Donald Trump,0,0,0,0
Butte,3901,President,,REP,Donald Trump,1,3,0,4
Butte,3902,President,,REP,Donald Trump,0,144,0,144
Butte,3903,President,,REP,Donald Trump,1,145,3,149
Butte,3904,President,,REP,Donald Trump,3,209,7,219
Butte,3905,President,,REP,Donald Trump,0,4,0,4
Butte,3906,President,,REP,Donald Trump,0,23,1,24
Butte,3907,President,,REP,Donald Trump,0,1,0,1
Butte,4201,President,,REP,Donald Trump,10,185,20,215
Butte,4202,President,,REP,Donald Trump,17,266,21,304
Butte,4203,President,,REP,Donald Trump,41,436,19,496
Butte,4204,President,,REP,Donald Trump,24,365,6,395
Butte,4205,President,,REP,Donald Trump,16,292,11,319
Butte,4206,President,,REP,Donald Trump,0,12,2,14
Butte,4301,President,,REP,Donald Trump,41,797,22,860
Butte,4302,President,,REP,Donald Trump,25,510,7,542
Butte,4401,President,,REP,Donald Trump,18,447,7,472
Butte,4801,President,,REP,Donald Trump,6,697,7,710
Butte,4802,President,,REP,Donald Trump,2,711,13,726
Butte,4803,President,,REP,Donald Trump,28,525,11,564
Butte,4804,President,,REP,Donald Trump,40,800,12,852
Butte,4805,President,,REP,Donald Trump,21,471,13,505
Butte,4806,President,,REP,Donald Trump,41,1093,11,1145
Butte,4807,President,,REP,Donald Trump,14,497,0,511
Butte,4808,President,,REP,Donald Trump,30,999,14,1043
Butte,4901,President,,REP,Donald Trump,0,275,8,283
Butte,4902,President,,REP,Donald Trump,0,0,0,0
Butte,4903,President,,REP,Donald Trump,0,0,0,0
Butte,4904,President,,REP,Donald Trump,0,0,0,0
Butte,4905,President,,REP,Donald Trump,0,115,2,117
Butte,4906,President,,REP,Donald Trump,3,146,5,154
Butte,4907,President,,REP,Donald Trump,0,22,2,24
Butte,4908,President,,REP,Donald Trump,2,27,0,29
Butte,4909,President,,REP,Donald Trump,0,20,3,23
Butte,4910,President,,REP,Donald Trump,0,0,0,0
Butte,4911,President,,REP,Donald Trump,0,56,2,58
Butte,4912,President,,REP,Donald Trump,0,221,0,221
Butte,4913,President,,REP,Donald Trump,0,31,0,31
Butte,5201,President,,REP,Donald Trump,21,559,16,596
Butte,5202,President,,REP,Donald Trump,0,0,0,0
Butte,5501,President,,REP,Donald Trump,16,94,2,112
Butte,5502,President,,REP,Donald Trump,20,121,6,147
Butte,5503,President,,REP,Donald Trump,12,130,6,148
Butte,5504,President,,REP,Donald Trump,4,63,1,68
Butte,5505,President,,REP,Donald Trump,18,238,8,264
Butte,5506,President,,REP,Donald Trump,13,209,4,226
Butte,5507,President,,REP,Donald Trump,12,104,5,121
Butte,5508,President,,REP,Donald Trump,9,85,1,95
Butte,5509,President,,REP,Donald Trump,17,185,8,210
Butte,5510,President,,REP,Donald Trump,12,213,4,229
Butte,5511,President,,REP,Donald Trump,12,218,9,239
Butte,5512,President,,REP,Donald Trump,10,260,2,272
Butte,5513,President,,REP,Donald Trump,13,254,12,279
Butte,5801,President,,REP,Donald Trump,29,238,14,281
Butte,5802,President,,REP,Donald Trump,39,388,17,444
Butte,5803,President,,REP,Donald Trump,61,874,33,968
Butte,5804,President,,REP,Donald Trump,26,435,15,476
Butte,5805,President,,REP,Donald Trump,13,158,3,174
Butte,5901,President,,REP,Donald Trump,0,1,0,1
Butte,5902,President,,REP,Donald Trump,2,31,2,35
Butte,5903,President,,REP,Donald Trump,0,22,0,22
Butte,5904,President,,REP,Donald Trump,4,245,4,253
Butte,5905,President,,REP,Donald Trump,2,143,2,147
Butte,5906,President,,REP,Donald Trump,0,10,1,11
Butte,5907,President,,REP,Donald Trump,0,13,0,13
Butte,5908,President,,REP,Donald Trump,0,0,0,0
Butte,5909,President,,REP,Donald Trump,3,146,2,151
Butte,5910,President,,REP,Donald Trump,4,253,3,260
Butte,5911,President,,REP,Donald Trump,12,228,10,250
Butte,5912,President,,REP,Donald Trump,6,78,2,86
Butte,5913,President,,REP,Donald Trump,5,153,1,159
Butte,5914,President,,REP,Donald Trump,6,121,2,129
Butte,5915,President,,REP,Donald Trump,0,0,0,0
Butte,5916,President,,REP,Donald Trump,0,1,0,1
Butte,1101,President,,LIB,Jo Jorgensen,0,15,0,15
Butte,1102,President,,LIB,Jo Jorgensen,1,21,0,22
Butte,1103,President,,LIB,Jo Jorgensen,0,34,0,34
Butte,1104,President,,LIB,Jo Jorgensen,1,17,0,18
Butte,1105,President,,LIB,Jo Jorgensen,0,16,0,16
Butte,1106,President,,LIB,Jo Jorgensen,0,10,0,10
Butte,1801,President,,LIB,Jo Jorgensen,0,20,0,20
Butte,1802,President,,LIB,Jo Jorgensen,0,12,0,12
Butte,1803,President,,LIB,Jo Jorgensen,0,7,0,7
Butte,1804,President,,LIB,Jo Jorgensen,0,7,0,7
Butte,1805,President,,LIB,Jo Jorgensen,0,12,0,12
Butte,1806,President,,LIB,Jo Jorgensen,0,11,0,11
Butte,1807,President,,LIB,Jo Jorgensen,0,10,0,10
Butte,1808,President,,LIB,Jo Jorgensen,0,17,0,17
Butte,1809,President,,LIB,Jo Jorgensen,0,13,0,13
Butte,1810,President,,LIB,Jo Jorgensen,0,2,0,2
Butte,1811,President,,LIB,Jo Jorgensen,0,10,0,10
Butte,1812,President,,LIB,Jo Jorgensen,1,4,0,5
Butte,1813,President,,LIB,Jo Jorgensen,0,0,0,0
Butte,1901,President,,LIB,Jo Jorgensen,0,3,0,3
Butte,1902,President,,LIB,Jo Jorgensen,0,0,0,0
Butte,1903,President,,LIB,Jo Jorgensen,0,0,0,0
Butte,1904,President,,LIB,Jo Jorgensen,0,0,0,0
Butte,1905,President,,LIB,Jo Jorgensen,0,0,0,0
Butte,1906,President,,LIB,Jo Jorgensen,0,2,0,2
Butte,1907,President,,LIB,Jo Jorgensen,0,1,0,1
Butte,1908,President,,LIB,Jo Jorgensen,0,2,0,2
Butte,1909,President,,LIB,Jo Jorgensen,0,1,0,1
Butte,1910,President,,LIB,Jo Jorgensen,0,4,0,4
Butte,1911,President,,LIB,Jo Jorgensen,0,4,0,4
Butte,1912,President,,LIB,Jo Jorgensen,0,1,0,1
Butte,1913,President,,LIB,Jo Jorgensen,0,5,0,5
Butte,1914,President,,LIB,Jo Jorgensen,0,0,0,0
Butte,1915,President,,LIB,Jo Jorgensen,0,1,0,1
Butte,1916,President,,LIB,Jo Jorgensen,0,1,0,1
Butte,1917,President,,LIB,Jo Jorgensen,1,1,0,2
Butte,1918,President,,LIB,Jo Jorgensen,0,0,0,0
Butte,2201,President,,LIB,Jo Jorgensen,2,14,0,16
Butte,2202,President,,LIB,Jo Jorgensen,0,25,0,25
Butte,2203,President,,LIB,Jo Jorgensen,1,22,0,23
Butte,2204,President,,LIB,Jo Jorgensen,2,59,0,61
Butte,2205,President,,LIB,Jo Jorgensen,0,9,0,9
Butte,2206,President,,LIB,Jo Jorgensen,2,18,2,22
Butte,2207,President,,LIB,Jo Jorgensen,0,0,0,0
Butte,2208,President,,LIB,Jo Jorgensen,0,20,3,23
Butte,2209,President,,LIB,Jo Jorgensen,0,28,4,32
Butte,2210,President,,LIB,Jo Jorgensen,0,8,0,8
Butte,2211,President,,LIB,Jo Jorgensen,0,18,0,18
Butte,2212,President,,LIB,Jo Jorgensen,0,57,3,60
Butte,2213,President,,LIB,Jo Jorgensen,0,21,1,22
Butte,2214,President,,LIB,Jo Jorgensen,0,23,0,23
Butte,2215,President,,LIB,Jo Jorgensen,0,11,0,11
Butte,2216,President,,LIB,Jo Jorgensen,0,7,0,7
Butte,2217,President,,LIB,Jo Jorgensen,1,14,0,15
Butte,2801,President,,LIB,Jo Jorgensen,0,16,1,17
Butte,2802,President,,LIB,Jo Jorgensen,1,17,0,18
Butte,2804,President,,LIB,Jo Jorgensen,0,29,0,29
Butte,2805,President,,LIB,Jo Jorgensen,0,19,0,19
Butte,2901,President,,LIB,Jo Jorgensen,0,7,0,7
Butte,2902,President,,LIB,Jo Jorgensen,0,9,0,9
Butte,2903,President,,LIB,Jo Jorgensen,0,0,0,0
Butte,2904,President,,LIB,Jo Jorgensen,0,6,0,6
Butte,2905,President,,LIB,Jo Jorgensen,0,7,1,8
Butte,3201,President,,LIB,Jo Jorgensen,0,31,1,32
Butte,3202,President,,LIB,Jo Jorgensen,0,53,0,53
Butte,3203,President,,LIB,Jo Jorgensen,0,48,0,48
Butte,3204,President,,LIB,Jo Jorgensen,0,9,0,9
Butte,3205,President,,LIB,Jo Jorgensen,0,29,0,29
Butte,3206,President,,LIB,Jo Jorgensen,0,18,0,18
Butte,3207,President,,LIB,Jo Jorgensen,1,12,0,13
Butte,3208,President,,LIB,Jo Jorgensen,0,29,0,29
Butte,3209,President,,LIB,Jo Jorgensen,0,17,0,17
Butte,3210,President,,LIB,Jo Jorgensen,0,24,1,25
Butte,3211,President,,LIB,Jo Jorgensen,2,32,2,36
Butte,3212,President,,LIB,Jo Jorgensen,1,26,2,29
Butte,3213,President,,LIB,Jo Jorgensen,0,20,0,20
Butte,3214,President,,LIB,Jo Jorgensen,0,12,1,13
Butte,3215,President,,LIB,Jo Jorgensen,0,15,0,15
Butte,3216,President,,LIB,Jo Jorgensen,0,25,0,25
Butte,3217,President,,LIB,Jo Jorgensen,0,25,1,26
Butte,3218,President,,LIB,Jo Jorgensen,0,11,0,11
Butte,3801,President,,LIB,Jo Jorgensen,0,0,0,0
Butte,3802,President,,LIB,Jo Jorgensen,0,10,0,10
Butte,3803,President,,LIB,Jo Jorgensen,0,0,0,0
Butte,3901,President,,LIB,Jo Jorgensen,0,0,0,0
Butte,3902,President,,LIB,Jo Jorgensen,0,5,0,5
Butte,3903,President,,LIB,Jo Jorgensen,0,3,0,3
Butte,3904,President,,LIB,Jo Jorgensen,0,4,1,5
Butte,3905,President,,LIB,Jo Jorgensen,0,0,0,0
Butte,3906,President,,LIB,Jo Jorgensen,0,0,0,0
Butte,3907,President,,LIB,Jo Jorgensen,0,0,0,0
Butte,4201,President,,LIB,Jo Jorgensen,1,26,4,31
Butte,4202,President,,LIB,Jo Jorgensen,1,22,2,25
Butte,4203,President,,LIB,Jo Jorgensen,0,30,1,31
Butte,4204,President,,LIB,Jo Jorgensen,1,18,0,19
Butte,4205,President,,LIB,Jo Jorgensen,1,12,0,13
Butte,4206,President,,LIB,Jo Jorgensen,0,2,0,2
Butte,4301,President,,LIB,Jo Jorgensen,1,21,0,22
Butte,4302,President,,LIB,Jo Jorgensen,0,20,0,20
Butte,4401,President,,LIB,Jo Jorgensen,0,9,0,9
Butte,4801,President,,LIB,Jo Jorgensen,0,12,1,13
Butte,4802,President,,LIB,Jo Jorgensen,0,9,0,9
Butte,4803,President,,LIB,Jo Jorgensen,1,10,0,11
Butte,4804,President,,LIB,Jo Jorgensen,1,14,0,15
Butte,4805,President,,LIB,Jo Jorgensen,0,18,0,18
Butte,4806,President,,LIB,Jo Jorgensen,0,30,0,30
Butte,4807,President,,LIB,Jo Jorgensen,0,3,0,3
Butte,4808,President,,LIB,Jo Jorgensen,0,38,1,39
Butte,4901,President,,LIB,Jo Jorgensen,0,11,0,11
Butte,4902,President,,LIB,Jo Jorgensen,0,0,0,0
Butte,4903,President,,LIB,Jo Jorgensen,0,0,0,0
Butte,4904,President,,LIB,Jo Jorgensen,0,0,0,0
Butte,4905,President,,LIB,Jo Jorgensen,0,3,0,3
Butte,4906,President,,LIB,Jo Jorgensen,0,3,0,3
Butte,4907,President,,LIB,Jo Jorgensen,0,0,0,0
Butte,4908,President,,LIB,Jo Jorgensen,0,0,0,0
Butte,4909,President,,LIB,Jo Jorgensen,0,1,0,1
Butte,4910,President,,LIB,Jo Jorgensen,0,0,0,0
Butte,4911,President,,LIB,Jo Jorgensen,0,2,0,2
Butte,4912,President,,LIB,Jo Jorgensen,0,6,0,6
Butte,4913,President,,LIB,Jo Jorgensen,0,0,0,0
Butte,5201,President,,LIB,Jo Jorgensen,0,25,0,25
Butte,5202,President,,LIB,Jo Jorgensen,0,0,0,0
Butte,5501,President,,LIB,Jo Jorgensen,0,4,0,4
Butte,5502,President,,LIB,Jo Jorgensen,0,6,0,6
Butte,5503,President,,LIB,Jo Jorgensen,0,5,0,5
Butte,5504,President,,LIB,Jo Jorgensen,0,5,0,5
Butte,5505,President,,LIB,Jo Jorgensen,0,5,0,5
Butte,5506,President,,LIB,Jo Jorgensen,0,10,0,10
Butte,5507,President,,LIB,Jo Jorgensen,0,3,1,4
Butte,5508,President,,LIB,Jo Jorgensen,0,4,0,4
Butte,5509,President,,LIB,Jo Jorgensen,0,7,0,7
Butte,5510,President,,LIB,Jo Jorgensen,0,2,0,2
Butte,5511,President,,LIB,Jo Jorgensen,0,13,0,13
Butte,5512,President,,LIB,Jo Jorgensen,1,7,0,8
Butte,5513,President,,LIB,Jo Jorgensen,0,5,0,5
Butte,5801,President,,LIB,Jo Jorgensen,0,6,0,6
Butte,5802,President,,LIB,Jo Jorgensen,1,17,1,19
Butte,5803,President,,LIB,Jo Jorgensen,0,23,0,23
Butte,5804,President,,LIB,Jo Jorgensen,1,16,1,18
Butte,5805,President,,LIB,Jo Jorgensen,0,8,0,8
Butte,5901,President,,LIB,Jo Jorgensen,0,0,0,0
Butte,5902,President,,LIB,Jo Jorgensen,0,1,0,1
Butte,5903,President,,LIB,Jo Jorgensen,0,0,0,0
Butte,5904,President,,LIB,Jo Jorgensen,0,9,0,9
Butte,5905,President,,LIB,Jo Jorgensen,0,7,0,7
Butte,5906,President,,LIB,Jo Jorgensen,0,1,0,1
Butte,5907,President,,LIB,Jo Jorgensen,0,0,0,0
Butte,5908,President,,LIB,Jo Jorgensen,0,0,0,0
Butte,5909,President,,LIB,Jo Jorgensen,0,13,0,13
Butte,5910,President,,LIB,Jo Jorgensen,0,10,0,10
Butte,5911,President,,LIB,Jo Jorgensen,0,4,0,4
Butte,5912,President,,LIB,Jo Jorgensen,0,1,0,1
Butte,5913,President,,LIB,Jo Jorgensen,0,1,0,1
Butte,5914,President,,LIB,Jo Jorgensen,0,1,0,1
Butte,5915,President,,LIB,Jo Jorgensen,0,0,0,0
Butte,5916,President,,LIB,Jo Jorgensen,0,1,0,1
Butte,1101,President,,GRN,Howie Hawkins,0,8,0,8
Butte,1102,President,,GRN,Howie Hawkins,0,6,0,6
Butte,1103,President,,GRN,Howie Hawkins,0,5,0,5
Butte,1104,President,,GRN,Howie Hawkins,0,6,0,6
Butte,1105,President,,GRN,Howie Hawkins,0,1,0,1
Butte,1106,President,,GRN,Howie Hawkins,0,5,0,5
Butte,1801,President,,GRN,Howie Hawkins,0,3,0,3
Butte,1802,President,,GRN,Howie Hawkins,0,5,0,5
Butte,1803,President,,GRN,Howie Hawkins,0,2,0,2
Butte,1804,President,,GRN,Howie Hawkins,0,4,0,4
Butte,1805,President,,GRN,Howie Hawkins,0,3,0,3
Butte,1806,President,,GRN,Howie Hawkins,0,0,0,0
Butte,1807,President,,GRN,Howie Hawkins,0,2,0,2
Butte,1808,President,,GRN,Howie Hawkins,0,4,0,4
Butte,1809,President,,GRN,Howie Hawkins,0,8,0,8
Butte,1810,President,,GRN,Howie Hawkins,0,2,0,2
Butte,1811,President,,GRN,Howie Hawkins,0,3,0,3
Butte,1812,President,,GRN,Howie Hawkins,0,0,0,0
Butte,1813,President,,GRN,Howie Hawkins,0,0,0,0
Butte,1901,President,,GRN,Howie Hawkins,0,0,0,0
Butte,1902,President,,GRN,Howie Hawkins,0,0,0,0
Butte,1903,President,,GRN,Howie Hawkins,0,0,0,0
Butte,1904,President,,GRN,Howie Hawkins,0,0,0,0
Butte,1905,President,,GRN,Howie Hawkins,0,0,0,0
Butte,1906,President,,GRN,Howie Hawkins,0,0,0,0
Butte,1907,President,,GRN,Howie Hawkins,0,0,0,0
Butte,1908,President,,GRN,Howie Hawkins,0,0,0,0
Butte,1909,President,,GRN,Howie Hawkins,0,0,0,0
Butte,1910,President,,GRN,Howie Hawkins,0,2,0,2
Butte,1911,President,,GRN,Howie Hawkins,0,1,0,1
Butte,1912,President,,GRN,Howie Hawkins,0,0,0,0
Butte,1913,President,,GRN,Howie Hawkins,0,2,0,2
Butte,1914,President,,GRN,Howie Hawkins,0,0,0,0
Butte,1915,President,,GRN,Howie Hawkins,0,0,0,0
Butte,1916,President,,GRN,Howie Hawkins,0,0,0,0
Butte,1917,President,,GRN,Howie Hawkins,0,0,0,0
Butte,1918,President,,GRN,Howie Hawkins,0,0,0,0
Butte,2201,President,,GRN,Howie Hawkins,0,6,0,6
Butte,2202,President,,GRN,Howie Hawkins,0,3,0,3
Butte,2203,President,,GRN,Howie Hawkins,0,6,0,6
Butte,2204,President,,GRN,Howie Hawkins,0,9,1,10
Butte,2205,President,,GRN,Howie Hawkins,1,5,0,6
Butte,2206,President,,GRN,Howie Hawkins,0,10,1,11
Butte,2207,President,,GRN,Howie Hawkins,0,0,0,0
Butte,2208,President,,GRN,Howie Hawkins,0,7,1,8
Butte,2209,President,,GRN,Howie Hawkins,1,9,1,11
Butte,2210,President,,GRN,Howie Hawkins,0,3,0,3
Butte,2211,President,,GRN,Howie Hawkins,0,5,0,5
Butte,2212,President,,GRN,Howie Hawkins,2,27,1,30
Butte,2213,President,,GRN,Howie Hawkins,0,8,1,9
Butte,2214,President,,GRN,Howie Hawkins,0,9,0,9
Butte,2215,President,,GRN,Howie Hawkins,0,7,0,7
Butte,2216,President,,GRN,Howie Hawkins,0,4,0,4
Butte,2217,President,,GRN,Howie Hawkins,0,5,0,5
Butte,2801,President,,GRN,Howie Hawkins,0,8,0,8
Butte,2802,President,,GRN,Howie Hawkins,0,5,0,5
Butte,2804,President,,GRN,Howie Hawkins,0,1,0,1
Butte,2805,President,,GRN,Howie Hawkins,0,3,0,3
Butte,2901,President,,GRN,Howie Hawkins,0,6,0,6
Butte,2902,President,,GRN,Howie Hawkins,0,1,0,1
Butte,2903,President,,GRN,Howie Hawkins,0,0,0,0
Butte,2904,President,,GRN,Howie Hawkins,0,1,0,1
Butte,2905,President,,GRN,Howie Hawkins,0,0,0,0
Butte,3201,President,,GRN,Howie Hawkins,0,0,0,0
Butte,3202,President,,GRN,Howie Hawkins,0,18,0,18
Butte,3203,President,,GRN,Howie Hawkins,1,5,0,6
Butte,3204,President,,GRN,Howie Hawkins,0,3,0,3
Butte,3205,President,,GRN,Howie Hawkins,0,5,0,5
Butte,3206,President,,GRN,Howie Hawkins,0,10,0,10
Butte,3207,President,,GRN,Howie Hawkins,0,2,0,2
Butte,3208,President,,GRN,Howie Hawkins,0,11,0,11
Butte,3209,President,,GRN,Howie Hawkins,0,5,0,5
Butte,3210,President,,GRN,Howie Hawkins,1,7,0,8
Butte,3211,President,,GRN,Howie Hawkins,0,12,0,12
Butte,3212,President,,GRN,Howie Hawkins,0,9,1,10
Butte,3213,President,,GRN,Howie Hawkins,1,9,0,10
Butte,3214,President,,GRN,Howie Hawkins,0,9,0,9
Butte,3215,President,,GRN,Howie Hawkins,0,9,0,9
Butte,3216,President,,GRN,Howie Hawkins,0,5,0,5
Butte,3217,President,,GRN,Howie Hawkins,0,5,0,5
Butte,3218,President,,GRN,Howie Hawkins,0,0,0,0
Butte,3801,President,,GRN,Howie Hawkins,0,0,0,0
Butte,3802,President,,GRN,Howie Hawkins,0,4,0,4
Butte,3803,President,,GRN,Howie Hawkins,0,0,0,0
Butte,3901,President,,GRN,Howie Hawkins,0,1,0,1
Butte,3902,President,,GRN,Howie Hawkins,0,1,0,1
Butte,3903,President,,GRN,Howie Hawkins,0,0,0,0
Butte,3904,President,,GRN,Howie Hawkins,0,3,0,3
Butte,3905,President,,GRN,Howie Hawkins,0,0,0,0
Butte,3906,President,,GRN,Howie Hawkins,0,0,0,0
Butte,3907,President,,GRN,Howie Hawkins,0,0,0,0
Butte,4201,President,,GRN,Howie Hawkins,0,5,0,5
Butte,4202,President,,GRN,Howie Hawkins,1,16,1,18
Butte,4203,President,,GRN,Howie Hawkins,0,10,0,10
Butte,4204,President,,GRN,Howie Hawkins,0,8,0,8
Butte,4205,President,,GRN,Howie Hawkins,0,3,0,3
Butte,4206,President,,GRN,Howie Hawkins,0,0,0,0
Butte,4301,President,,GRN,Howie Hawkins,0,3,0,3
Butte,4302,President,,GRN,Howie Hawkins,0,4,0,4
Butte,4401,President,,GRN,Howie Hawkins,0,4,0,4
Butte,4801,President,,GRN,Howie Hawkins,0,5,0,5
Butte,4802,President,,GRN,Howie Hawkins,0,4,0,4
Butte,4803,President,,GRN,Howie Hawkins,0,2,0,2
Butte,4804,President,,GRN,Howie Hawkins,0,1,0,1
Butte,4805,President,,GRN,Howie Hawkins,0,6,0,6
Butte,4806,President,,GRN,Howie Hawkins,0,9,0,9
Butte,4807,President,,GRN,Howie Hawkins,0,0,0,0
Butte,4808,President,,GRN,Howie Hawkins,0,5,0,5
Butte,4901,President,,GRN,Howie Hawkins,0,2,0,2
Butte,4902,President,,GRN,Howie Hawkins,0,0,0,0
Butte,4903,President,,GRN,Howie Hawkins,0,0,0,0
Butte,4904,President,,GRN,Howie Hawkins,0,0,0,0
Butte,4905,President,,GRN,Howie Hawkins,0,0,0,0
Butte,4906,President,,GRN,Howie Hawkins,0,0,0,0
Butte,4907,President,,GRN,Howie Hawkins,0,0,0,0
Butte,4908,President,,GRN,Howie Hawkins,0,0,0,0
Butte,4909,President,,GRN,Howie Hawkins,0,0,0,0
Butte,4910,President,,GRN,Howie Hawkins,0,0,0,0
Butte,4911,President,,GRN,Howie Hawkins,0,1,0,1
Butte,4912,President,,GRN,Howie Hawkins,0,0,0,0
Butte,4913,President,,GRN,Howie Hawkins,0,1,0,1
Butte,5201,President,,GRN,Howie Hawkins,0,5,0,5
Butte,5202,President,,GRN,Howie Hawkins,0,0,0,0
Butte,5501,President,,GRN,Howie Hawkins,0,0,0,0
Butte,5502,President,,GRN,Howie Hawkins,0,0,0,0
Butte,5503,President,,GRN,Howie Hawkins,0,0,0,0
Butte,5504,President,,GRN,Howie Hawkins,0,1,0,1
Butte,5505,President,,GRN,Howie Hawkins,0,0,0,0
Butte,5506,President,,GRN,Howie Hawkins,0,0,0,0
Butte,5507,President,,GRN,Howie Hawkins,0,0,0,0
Butte,5508,President,,GRN,Howie Hawkins,0,2,0,2
Butte,5509,President,,GRN,Howie Hawkins,0,2,0,2
Butte,5510,President,,GRN,Howie Hawkins,0,3,1,4
Butte,5511,President,,GRN,Howie Hawkins,0,2,0,2
Butte,5512,President,,GRN,Howie Hawkins,0,3,0,3
Butte,5513,President,,GRN,Howie Hawkins,0,1,0,1
Butte,5801,President,,GRN,Howie Hawkins,0,1,0,1
Butte,5802,President,,GRN,Howie Hawkins,0,2,0,2
Butte,5803,President,,GRN,Howie Hawkins,0,9,0,9
Butte,5804,President,,GRN,Howie Hawkins,0,5,0,5
Butte,5805,President,,GRN,Howie Hawkins,0,3,0,3
Butte,5901,President,,GRN,Howie Hawkins,0,0,0,0
Butte,5902,President,,GRN,Howie Hawkins,0,0,0,0
Butte,5903,President,,GRN,Howie Hawkins,0,0,0,0
Butte,5904,President,,GRN,Howie Hawkins,0,5,0,5
Butte,5905,President,,GRN,Howie Hawkins,0,1,0,1
Butte,5906,President,,GRN,Howie Hawkins,0,1,0,1
Butte,5907,President,,GRN,Howie Hawkins,0,0,0,0
Butte,5908,President,,GRN,Howie Hawkins,0,0,0,0
Butte,5909,President,,GRN,Howie Hawkins,0,3,0,3
Butte,5910,President,,GRN,Howie Hawkins,0,0,0,0
Butte,5911,President,,GRN,Howie Hawkins,0,1,0,1
Butte,5912,President,,GRN,Howie Hawkins,0,1,0,1
Butte,5913,President,,GRN,Howie Hawkins,0,0,0,0
Butte,5914,President,,GRN,Howie Hawkins,0,0,0,0
Butte,5915,President,,GRN,Howie Hawkins,0,0,0,0
Butte,5916,President,,GRN,Howie Hawkins,0,0,0,0
Butte,1101,President,,AIP,Rocky de la Fuente Guerra,0,7,0,7
Butte,1102,President,,AIP,Rocky de la Fuente Guerra,0,4,0,4
Butte,1103,President,,AIP,Rocky de la Fuente Guerra,0,5,0,5
Butte,1104,President,,AIP,Rocky de la Fuente Guerra,0,5,0,5
Butte,1105,President,,AIP,Rocky de la Fuente Guerra,0,3,0,3
Butte,1106,President,,AIP,Rocky de la Fuente Guerra,1,0,0,1
Butte,1801,President,,AIP,Rocky de la Fuente Guerra,0,0,0,0
Butte,1802,President,,AIP,Rocky de la Fuente Guerra,0,1,0,1
Butte,1803,President,,AIP,Rocky de la Fuente Guerra,0,2,0,2
Butte,1804,President,,AIP,Rocky de la Fuente Guerra,0,2,0,2
Butte,1805,President,,AIP,Rocky de la Fuente Guerra,0,1,0,1
Butte,1806,President,,AIP,Rocky de la Fuente Guerra,0,5,0,5
Butte,1807,President,,AIP,Rocky de la Fuente Guerra,1,0,0,1
Butte,1808,President,,AIP,Rocky de la Fuente Guerra,0,3,0,3
Butte,1809,President,,AIP,Rocky de la Fuente Guerra,0,3,0,3
Butte,1810,President,,AIP,Rocky de la Fuente Guerra,0,2,0,2
Butte,1811,President,,AIP,Rocky de la Fuente Guerra,0,1,0,1
Butte,1812,President,,AIP,Rocky de la Fuente Guerra,0,0,0,0
Butte,1813,President,,AIP,Rocky de la Fuente Guerra,0,1,0,1
Butte,1901,President,,AIP,Rocky de la Fuente Guerra,0,0,0,0
Butte,1902,President,,AIP,Rocky de la Fuente Guerra,0,0,0,0
Butte,1903,President,,AIP,Rocky de la Fuente Guerra,0,0,0,0
Butte,1904,President,,AIP,Rocky de la Fuente Guerra,0,0,0,0
Butte,1905,President,,AIP,Rocky de la Fuente Guerra,0,0,0,0
Butte,1906,President,,AIP,Rocky de la Fuente Guerra,0,2,0,2
Butte,1907,President,,AIP,Rocky de la Fuente Guerra,0,1,0,1
Butte,1908,President,,AIP,Rocky de la Fuente Guerra,0,0,0,0
Butte,1909,President,,AIP,Rocky de la Fuente Guerra,0,0,0,0
Butte,1910,President,,AIP,Rocky de la Fuente Guerra,0,3,0,3
Butte,1911,President,,AIP,Rocky de la Fuente Guerra,0,0,0,0
Butte,1912,President,,AIP,Rocky de la Fuente Guerra,0,1,0,1
Butte,1913,President,,AIP,Rocky de la Fuente Guerra,0,6,0,6
Butte,1914,President,,AIP,Rocky de la Fuente Guerra,0,0,0,0
Butte,1915,President,,AIP,Rocky de la Fuente Guerra,0,1,0,1
Butte,1916,President,,AIP,Rocky de la Fuente Guerra,0,0,0,0
Butte,1917,President,,AIP,Rocky de la Fuente Guerra,0,0,0,0
Butte,1918,President,,AIP,Rocky de la Fuente Guerra,0,0,0,0
Butte,2201,President,,AIP,Rocky de la Fuente Guerra,0,5,0,5
Butte,2202,President,,AIP,Rocky de la Fuente Guerra,0,2,0,2
Butte,2203,President,,AIP,Rocky de la Fuente Guerra,0,4,0,4
Butte,2204,President,,AIP,Rocky de la Fuente Guerra,0,7,0,7
Butte,2205,President,,AIP,Rocky de la Fuente Guerra,0,3,0,3
Butte,2206,President,,AIP,Rocky de la Fuente Guerra,0,2,0,2
Butte,2207,President,,AIP,Rocky de la Fuente Guerra,0,0,0,0
Butte,2208,President,,AIP,Rocky de la Fuente Guerra,0,7,2,9
Butte,2209,President,,AIP,Rocky de la Fuente Guerra,0,3,1,4
Butte,2210,President,,AIP,Rocky de la Fuente Guerra,0,2,0,2
Butte,2211,President,,AIP,Rocky de la Fuente Guerra,0,3,1,4
Butte,2212,President,,AIP,Rocky de la Fuente Guerra,0,7,0,7
Butte,2213,President,,AIP,Rocky de la Fuente Guerra,1,1,1,3
Butte,2214,President,,AIP,Rocky de la Fuente Guerra,0,4,0,4
Butte,2215,President,,AIP,Rocky de la Fuente Guerra,0,3,0,3
Butte,2216,President,,AIP,Rocky de la Fuente Guerra,0,0,0,0
Butte,2217,President,,AIP,Rocky de la Fuente Guerra,0,0,0,0
Butte,2801,President,,AIP,Rocky de la Fuente Guerra,0,3,0,3
Butte,2802,President,,AIP,Rocky de la Fuente Guerra,1,0,0,1
Butte,2804,President,,AIP,Rocky de la Fuente Guerra,0,2,0,2
Butte,2805,President,,AIP,Rocky de la Fuente Guerra,1,5,0,6
Butte,2901,President,,AIP,Rocky de la Fuente Guerra,0,0,0,0
Butte,2902,President,,AIP,Rocky de la Fuente Guerra,0,2,0,2
Butte,2903,President,,AIP,Rocky de la Fuente Guerra,0,0,0,0
Butte,2904,President,,AIP,Rocky de la Fuente Guerra,0,2,0,2
Butte,2905,President,,AIP,Rocky de la Fuente Guerra,1,2,0,3
Butte,3201,President,,AIP,Rocky de la Fuente Guerra,0,3,0,3
Butte,3202,President,,AIP,Rocky de la Fuente Guerra,0,4,0,4
Butte,3203,President,,AIP,Rocky de la Fuente Guerra,0,2,0,2
Butte,3204,President,,AIP,Rocky de la Fuente Guerra,0,1,0,1
Butte,3205,President,,AIP,Rocky de la Fuente Guerra,0,7,0,7
Butte,3206,President,,AIP,Rocky de la Fuente Guerra,0,1,0,1
Butte,3207,President,,AIP,Rocky de la Fuente Guerra,0,4,0,4
Butte,3208,President,,AIP,Rocky de la Fuente Guerra,0,5,0,5
Butte,3209,President,,AIP,Rocky de la Fuente Guerra,0,3,0,3
Butte,3210,President,,AIP,Rocky de la Fuente Guerra,0,5,0,5
Butte,3211,President,,AIP,Rocky de la Fuente Guerra,0,8,0,8
Butte,3212,President,,AIP,Rocky de la Fuente Guerra,0,6,1,7
Butte,3213,President,,AIP,Rocky de la Fuente Guerra,0,3,0,3
Butte,3214,President,,AIP,Rocky de la Fuente Guerra,0,5,0,5
Butte,3215,President,,AIP,Rocky de la Fuente Guerra,0,1,0,1
Butte,3216,President,,AIP,Rocky de la Fuente Guerra,0,1,0,1
Butte,3217,President,,AIP,Rocky de la Fuente Guerra,0,8,0,8
Butte,3218,President,,AIP,Rocky de la Fuente Guerra,0,2,0,2
Butte,3801,President,,AIP,Rocky de la Fuente Guerra,0,0,0,0
Butte,3802,President,,AIP,Rocky de la Fuente Guerra,0,1,0,1
Butte,3803,President,,AIP,Rocky de la Fuente Guerra,0,0,0,0
Butte,3901,President,,AIP,Rocky de la Fuente Guerra,0,0,0,0
Butte,3902,President,,AIP,Rocky de la Fuente Guerra,0,0,0,0
Butte,3903,President,,AIP,Rocky de la Fuente Guerra,0,1,0,1
Butte,3904,President,,AIP,Rocky de la Fuente Guerra,0,5,0,5
Butte,3905,President,,AIP,Rocky de la Fuente Guerra,0,0,0,0
Butte,3906,President,,AIP,Rocky de la Fuente Guerra,0,0,0,0
Butte,3907,President,,AIP,Rocky de la Fuente Guerra,0,0,0,0
Butte,4201,President,,AIP,Rocky de la Fuente Guerra,0,4,1,5
Butte,4202,President,,AIP,Rocky de la Fuente Guerra,2,3,0,5
Butte,4203,President,,AIP,Rocky de la Fuente Guerra,0,6,0,6
Butte,4204,President,,AIP,Rocky de la Fuente Guerra,0,3,0,3
Butte,4205,President,,AIP,Rocky de la Fuente Guerra,0,2,0,2
Butte,4206,President,,AIP,Rocky de la Fuente Guerra,0,0,0,0
Butte,4301,President,,AIP,Rocky de la Fuente Guerra,0,1,0,1
Butte,4302,President,,AIP,Rocky de la Fuente Guerra,0,4,0,4
Butte,4401,President,,AIP,Rocky de la Fuente Guerra,0,3,0,3
Butte,4801,President,,AIP,Rocky de la Fuente Guerra,0,9,0,9
Butte,4802,President,,AIP,Rocky de la Fuente Guerra,0,2,0,2
Butte,4803,President,,AIP,Rocky de la Fuente Guerra,0,5,1,6
Butte,4804,President,,AIP,Rocky de la Fuente Guerra,0,2,0,2
Butte,4805,President,,AIP,Rocky de la Fuente Guerra,0,2,0,2
Butte,4806,President,,AIP,Rocky de la Fuente Guerra,0,10,0,10
Butte,4807,President,,AIP,Rocky de la Fuente Guerra,0,0,0,0
Butte,4808,President,,AIP,Rocky de la Fuente Guerra,0,3,1,4
Butte,4901,President,,AIP,Rocky de la Fuente Guerra,0,1,0,1
Butte,4902,President,,AIP,Rocky de la Fuente Guerra,0,0,0,0
Butte,4903,President,,AIP,Rocky de la Fuente Guerra,0,0,0,0
Butte,4904,President,,AIP,Rocky de la Fuente Guerra,0,0,0,0
Butte,4905,President,,AIP,Rocky de la Fuente Guerra,0,0,0,0
Butte,4906,President,,AIP,Rocky de la Fuente Guerra,0,2,0,2
Butte,4907,President,,AIP,Rocky de la Fuente Guerra,0,1,0,1
Butte,4908,President,,AIP,Rocky de la Fuente Guerra,0,0,0,0
Butte,4909,President,,AIP,Rocky de la Fuente Guerra,0,0,0,0
Butte,4910,President,,AIP,Rocky de la Fuente Guerra,0,0,0,0
Butte,4911,President,,AIP,Rocky de la Fuente Guerra,0,0,0,0
Butte,4912,President,,AIP,Rocky de la Fuente Guerra,0,1,0,1
Butte,4913,President,,AIP,Rocky de la Fuente Guerra,0,0,0,0
Butte,5201,President,,AIP,Rocky de la Fuente Guerra,0,0,0,0
Butte,5202,President,,AIP,Rocky de la Fuente Guerra,0,0,0,0
Butte,5501,President,,AIP,Rocky de la Fuente Guerra,1,1,0,2
Butte,5502,President,,AIP,Rocky de la Fuente Guerra,0,0,0,0
Butte,5503,President,,AIP,Rocky de la Fuente Guerra,0,0,0,0
Butte,5504,President,,AIP,Rocky de la Fuente Guerra,0,1,0,1
Butte,5505,President,,AIP,Rocky de la Fuente Guerra,0,1,0,1
Butte,5506,President,,AIP,Rocky de la Fuente Guerra,0,1,0,1
Butte,5507,President,,AIP,Rocky de la Fuente Guerra,0,0,0,0
Butte,5508,President,,AIP,Rocky de la Fuente Guerra,0,0,0,0
Butte,5509,President,,AIP,Rocky de la Fuente Guerra,0,2,0,2
Butte,5510,President,,AIP,Rocky de la Fuente Guerra,0,1,0,1
Butte,5511,President,,AIP,Rocky de la Fuente Guerra,0,1,0,1
Butte,5512,President,,AIP,Rocky de la Fuente Guerra,0,2,0,2
Butte,5513,President,,AIP,Rocky de la Fuente Guerra,0,1,0,1
Butte,5801,President,,AIP,Rocky de la Fuente Guerra,0,5,0,5
Butte,5802,President,,AIP,Rocky de la Fuente Guerra,1,1,0,2
Butte,5803,President,,AIP,Rocky de la Fuente Guerra,0,3,0,3
Butte,5804,President,,AIP,Rocky de la Fuente Guerra,0,5,0,5
Butte,5805,President,,AIP,Rocky de la Fuente Guerra,0,2,0,2
Butte,5901,President,,AIP,Rocky de la Fuente Guerra,0,0,0,0
Butte,5902,President,,AIP,Rocky de la Fuente Guerra,0,0,0,0
Butte,5903,President,,AIP,Rocky de la Fuente Guerra,0,0,0,0
Butte,5904,President,,AIP,Rocky de la Fuente Guerra,0,0,0,0
Butte,5905,President,,AIP,Rocky de la Fuente Guerra,0,2,0,2
Butte,5906,President,,AIP,Rocky de la Fuente Guerra,0,0,0,0
Butte,5907,President,,AIP,Rocky de la Fuente Guerra,0,0,0,0
Butte,5908,President,,AIP,Rocky de la Fuente Guerra,0,0,0,0
Butte,5909,President,,AIP,Rocky de la Fuente Guerra,1,1,0,2
Butte,5910,President,,AIP,Rocky de la Fuente Guerra,0,2,0,2
Butte,5911,President,,AIP,Rocky de la Fuente Guerra,0,2,0,2
Butte,5912,President,,AIP,Rocky de la Fuente Guerra,0,1,0,1
Butte,5913,President,,AIP,Rocky de la Fuente Guerra,0,1,0,1
Butte,5914,President,,AIP,Rocky de la Fuente Guerra,0,2,0,2
Butte,5915,President,,AIP,Rocky de la Fuente Guerra,0,0,0,0
Butte,5916,President,,AIP,Rocky de la Fuente Guerra,0,0,0,0
Butte,1101,President,,PFP,Gloria LaRiva,0,5,0,5
Butte,1102,President,,PFP,Gloria LaRiva,0,3,0,3
Butte,1103,President,,PFP,Gloria LaRiva,0,9,0,9
Butte,1104,President,,PFP,Gloria LaRiva,0,5,0,5
Butte,1105,President,,PFP,Gloria LaRiva,0,3,0,3
Butte,1106,President,,PFP,Gloria LaRiva,0,3,0,3
Butte,1801,President,,PFP,Gloria LaRiva,0,3,0,3
Butte,1802,President,,PFP,Gloria LaRiva,0,4,0,4
Butte,1803,President,,PFP,Gloria LaRiva,0,0,0,0
Butte,1804,President,,PFP,Gloria LaRiva,0,4,0,4
Butte,1805,President,,PFP,Gloria LaRiva,0,1,0,1
Butte,1806,President,,PFP,Gloria LaRiva,0,4,0,4
Butte,1807,President,,PFP,Gloria LaRiva,0,2,0,2
Butte,1808,President,,PFP,Gloria LaRiva,0,2,1,3
Butte,1809,President,,PFP,Gloria LaRiva,0,1,0,1
Butte,1810,President,,PFP,Gloria LaRiva,0,0,0,0
Butte,1811,President,,PFP,Gloria LaRiva,1,5,0,6
Butte,1812,President,,PFP,Gloria LaRiva,0,0,0,0
Butte,1813,President,,PFP,Gloria LaRiva,0,1,0,1
Butte,1901,President,,PFP,Gloria LaRiva,0,0,0,0
Butte,1902,President,,PFP,Gloria LaRiva,0,0,0,0
Butte,1903,President,,PFP,Gloria LaRiva,0,0,0,0
Butte,1904,President,,PFP,Gloria LaRiva,0,0,0,0
Butte,1905,President,,PFP,Gloria LaRiva,0,0,0,0
Butte,1906,President,,PFP,Gloria LaRiva,0,2,0,2
Butte,1907,President,,PFP,Gloria LaRiva,0,4,0,4
Butte,1908,President,,PFP,Gloria LaRiva,0,1,0,1
Butte,1909,President,,PFP,Gloria LaRiva,0,0,0,0
Butte,1910,President,,PFP,Gloria LaRiva,0,1,0,1
Butte,1911,President,,PFP,Gloria LaRiva,0,1,0,1
Butte,1912,President,,PFP,Gloria LaRiva,0,0,0,0
Butte,1913,President,,PFP,Gloria LaRiva,0,1,0,1
Butte,1914,President,,PFP,Gloria LaRiva,0,0,0,0
Butte,1915,President,,PFP,Gloria LaRiva,0,0,0,0
Butte,1916,President,,PFP,Gloria LaRiva,0,0,0,0
Butte,1917,President,,PFP,Gloria LaRiva,0,0,0,0
Butte,1918,President,,PFP,Gloria LaRiva,0,0,0,0
Butte,2201,President,,PFP,Gloria LaRiva,0,2,0,2
Butte,2202,President,,PFP,Gloria LaRiva,0,2,0,2
Butte,2203,President,,PFP,Gloria LaRiva,0,0,0,0
Butte,2204,President,,PFP,Gloria LaRiva,0,1,0,1
Butte,2205,President,,PFP,Gloria LaRiva,0,2,0,2
Butte,2206,President,,PFP,Gloria LaRiva,0,5,0,5
Butte,2207,President,,PFP,Gloria LaRiva,0,0,0,0
Butte,2208,President,,PFP,Gloria LaRiva,0,5,0,5
Butte,2209,President,,PFP,Gloria LaRiva,0,3,0,3
Butte,2210,President,,PFP,Gloria LaRiva,0,2,0,2
Butte,2211,President,,PFP,Gloria LaRiva,0,2,0,2
Butte,2212,President,,PFP,Gloria LaRiva,0,13,0,13
Butte,2213,President,,PFP,Gloria LaRiva,0,3,1,4
Butte,2214,President,,PFP,Gloria LaRiva,0,7,0,7
Butte,2215,President,,PFP,Gloria LaRiva,0,3,1,4
Butte,2216,President,,PFP,Gloria LaRiva,0,0,0,0
Butte,2217,President,,PFP,Gloria LaRiva,0,6,0,6
Butte,2801,President,,PFP,Gloria LaRiva,0,1,0,1
Butte,2802,President,,PFP,Gloria LaRiva,0,2,0,2
Butte,2804,President,,PFP,Gloria LaRiva,0,1,1,2
Butte,2805,President,,PFP,Gloria LaRiva,0,0,0,0
Butte,2901,President,,PFP,Gloria LaRiva,0,1,0,1
Butte,2902,President,,PFP,Gloria LaRiva,0,1,0,1
Butte,2903,President,,PFP,Gloria LaRiva,0,0,0,0
Butte,2904,President,,PFP,Gloria LaRiva,0,1,0,1
Butte,2905,President,,PFP,Gloria LaRiva,0,1,0,1
Butte,3201,President,,PFP,Gloria LaRiva,0,1,0,1
Butte,3202,President,,PFP,Gloria LaRiva,0,4,0,4
Butte,3203,President,,PFP,Gloria LaRiva,0,1,0,1
Butte,3204,President,,PFP,Gloria LaRiva,0,0,0,0
Butte,3205,President,,PFP,Gloria LaRiva,0,0,0,0
Butte,3206,President,,PFP,Gloria LaRiva,0,2,0,2
Butte,3207,President,,PFP,Gloria LaRiva,0,0,0,0
Butte,3208,President,,PFP,Gloria LaRiva,0,1,0,1
Butte,3209,President,,PFP,Gloria LaRiva,0,4,0,4
Butte,3210,President,,PFP,Gloria LaRiva,0,7,0,7
Butte,3211,President,,PFP,Gloria LaRiva,0,4,0,4
Butte,3212,President,,PFP,Gloria LaRiva,0,5,0,5
Butte,3213,President,,PFP,Gloria LaRiva,0,2,1,3
Butte,3214,President,,PFP,Gloria LaRiva,0,4,0,4
Butte,3215,President,,PFP,Gloria LaRiva,0,1,0,1
Butte,3216,President,,PFP,Gloria LaRiva,0,3,0,3
Butte,3217,President,,PFP,Gloria LaRiva,0,1,0,1
Butte,3218,President,,PFP,Gloria LaRiva,0,2,0,2
Butte,3801,President,,PFP,Gloria LaRiva,0,0,0,0
Butte,3802,President,,PFP,Gloria LaRiva,0,0,0,0
Butte,3803,President,,PFP,Gloria LaRiva,0,0,0,0
Butte,3901,President,,PFP,Gloria LaRiva,0,0,0,0
Butte,3902,President,,PFP,Gloria LaRiva,0,0,0,0
Butte,3903,President,,PFP,Gloria LaRiva,0,0,0,0
Butte,3904,President,,PFP,Gloria LaRiva,0,1,0,1
Butte,3905,President,,PFP,Gloria LaRiva,0,0,0,0
Butte,3906,President,,PFP,Gloria LaRiva,0,0,0,0
Butte,3907,President,,PFP,Gloria LaRiva,0,0,0,0
Butte,4201,President,,PFP,Gloria LaRiva,0,3,0,3
Butte,4202,President,,PFP,Gloria LaRiva,1,7,0,8
Butte,4203,President,,PFP,Gloria LaRiva,0,3,0,3
Butte,4204,President,,PFP,Gloria LaRiva,0,4,0,4
Butte,4205,President,,PFP,Gloria LaRiva,0,2,0,2
Butte,4206,President,,PFP,Gloria LaRiva,0,0,0,0
Butte,4301,President,,PFP,Gloria LaRiva,0,6,0,6
Butte,4302,President,,PFP,Gloria LaRiva,0,3,0,3
Butte,4401,President,,PFP,Gloria LaRiva,0,1,0,1
Butte,4801,President,,PFP,Gloria LaRiva,0,7,0,7
Butte,4802,President,,PFP,Gloria LaRiva,1,3,0,4
Butte,4803,President,,PFP,Gloria LaRiva,0,1,0,1
Butte,4804,President,,PFP,Gloria LaRiva,1,3,0,4
Butte,4805,President,,PFP,Gloria LaRiva,0,1,0,1
Butte,4806,President,,PFP,Gloria LaRiva,0,6,0,6
Butte,4807,President,,PFP,Gloria LaRiva,0,0,0,0
Butte,4808,President,,PFP,Gloria LaRiva,0,2,0,2
Butte,4901,President,,PFP,Gloria LaRiva,0,2,0,2
Butte,4902,President,,PFP,Gloria LaRiva,0,0,0,0
Butte,4903,President,,PFP,Gloria LaRiva,0,0,0,0
Butte,4904,President,,PFP,Gloria LaRiva,0,0,0,0
Butte,4905,President,,PFP,Gloria LaRiva,0,0,0,0
Butte,4906,President,,PFP,Gloria LaRiva,0,0,0,0
Butte,4907,President,,PFP,Gloria LaRiva,0,2,0,2
Butte,4908,President,,PFP,Gloria LaRiva,0,0,0,0
Butte,4909,President,,PFP,Gloria LaRiva,0,0,0,0
Butte,4910,President,,PFP,Gloria LaRiva,0,0,0,0
Butte,4911,President,,PFP,Gloria LaRiva,0,1,0,1
Butte,4912,President,,PFP,Gloria LaRiva,0,0,0,0
Butte,4913,President,,PFP,Gloria LaRiva,0,0,0,0
Butte,5201,President,,PFP,Gloria LaRiva,0,2,0,2
Butte,5202,President,,PFP,Gloria LaRiva,0,0,0,0
Butte,5501,President,,PFP,Gloria LaRiva,0,0,0,0
Butte,5502,President,,PFP,Gloria LaRiva,1,0,0,1
Butte,5503,President,,PFP,Gloria LaRiva,0,2,0,2
Butte,5504,President,,PFP,Gloria LaRiva,0,0,0,0
Butte,5505,President,,PFP,Gloria LaRiva,0,0,0,0
Butte,5506,President,,PFP,Gloria LaRiva,0,1,0,1
Butte,5507,President,,PFP,Gloria LaRiva,1,0,0,1
Butte,5508,President,,PFP,Gloria LaRiva,0,1,0,1
Butte,5509,President,,PFP,Gloria LaRiva,0,1,0,1
Butte,5510,President,,PFP,Gloria LaRiva,0,1,0,1
Butte,5511,President,,PFP,Gloria LaRiva,0,0,0,0
Butte,5512,President,,PFP,Gloria LaRiva,0,0,0,0
Butte,5513,President,,PFP,Gloria LaRiva,0,0,0,0
Butte,5801,President,,PFP,Gloria LaRiva,0,3,0,3
Butte,5802,President,,PFP,Gloria LaRiva,0,1,0,1
Butte,5803,President,,PFP,Gloria LaRiva,0,15,0,15
Butte,5804,President,,PFP,Gloria LaRiva,0,4,0,4
Butte,5805,President,,PFP,Gloria LaRiva,0,5,0,5
Butte,5901,President,,PFP,Gloria LaRiva,0,0,0,0
Butte,5902,President,,PFP,Gloria LaRiva,0,0,0,0
Butte,5903,President,,PFP,Gloria LaRiva,0,0,0,0
Butte,5904,President,,PFP,Gloria LaRiva,0,0,0,0
Butte,5905,President,,PFP,Gloria LaRiva,0,2,0,2
Butte,5906,President,,PFP,Gloria LaRiva,0,1,0,1
Butte,5907,President,,PFP,Gloria LaRiva,0,0,0,0
Butte,5908,President,,PFP,Gloria LaRiva,0,0,0,0
Butte,5909,President,,PFP,Gloria LaRiva,0,0,0,0
Butte,5910,President,,PFP,Gloria LaRiva,0,1,0,1
Butte,5911,President,,PFP,Gloria LaRiva,0,1,0,1
Butte,5912,President,,PFP,Gloria LaRiva,0,1,0,1
Butte,5913,President,,PFP,Gloria LaRiva,0,0,0,0
Butte,5914,President,,PFP,Gloria LaRiva,0,0,0,0
Butte,5915,President,,PFP,Gloria LaRiva,0,0,0,0
Butte,5916,President,,PFP,Gloria LaRiva,0,0,0,0
Butte,1101,U.S. House,1,DEM,Audrey Denney,0,417,6,423
Butte,1102,U.S. House,1,DEM,Audrey Denney,2,510,6,518
Butte,1103,U.S. House,1,DEM,Audrey Denney,4,562,6,572
Butte,1104,U.S. House,1,DEM,Audrey Denney,1,429,6,436
Butte,1105,U.S. House,1,DEM,Audrey Denney,3,333,2,338
Butte,1106,U.S. House,1,DEM,Audrey Denney,6,358,6,370
Butte,1801,U.S. House,1,DEM,Audrey Denney,1,317,1,319
Butte,1802,U.S. House,1,DEM,Audrey Denney,0,296,0,296
Butte,1803,U.S. House,1,DEM,Audrey Denney,0,151,2,153
Butte,1804,U.S. House,1,DEM,Audrey Denney,6,293,5,304
Butte,1805,U.S. House,1,DEM,Audrey Denney,3,486,2,491
Butte,1806,U.S. House,1,DEM,Audrey Denney,3,499,3,505
Butte,1807,U.S. House,1,DEM,Audrey Denney,1,250,4,255
Butte,1808,U.S. House,1,DEM,Audrey Denney,4,334,5,343
Butte,1809,U.S. House,1,DEM,Audrey Denney,5,293,2,300
Butte,1810,U.S. House,1,DEM,Audrey Denney,1,167,0,168
Butte,1811,U.S. House,1,DEM,Audrey Denney,5,194,1,200
Butte,1812,U.S. House,1,DEM,Audrey Denney,1,122,4,127
Butte,1813,U.S. House,1,DEM,Audrey Denney,0,31,0,31
Butte,1901,U.S. House,1,DEM,Audrey Denney,0,97,0,97
Butte,1902,U.S. House,1,DEM,Audrey Denney,0,10,0,10
Butte,1903,U.S. House,1,DEM,Audrey Denney,0,0,0,0
Butte,1904,U.S. House,1,DEM,Audrey Denney,0,0,0,0
Butte,1905,U.S. House,1,DEM,Audrey Denney,0,0,0,0
Butte,1906,U.S. House,1,DEM,Audrey Denney,0,81,0,81
Butte,1907,U.S. House,1,DEM,Audrey Denney,0,153,2,155
Butte,1908,U.S. House,1,DEM,Audrey Denney,2,81,3,86
Butte,1909,U.S. House,1,DEM,Audrey Denney,0,34,0,34
Butte,1910,U.S. House,1,DEM,Audrey Denney,1,134,1,136
Butte,1911,U.S. House,1,DEM,Audrey Denney,1,140,1,142
Butte,1912,U.S. House,1,DEM,Audrey Denney,0,29,0,29
Butte,1913,U.S. House,1,DEM,Audrey Denney,0,175,0,175
Butte,1914,U.S. House,1,DEM,Audrey Denney,0,11,0,11
Butte,1915,U.S. House,1,DEM,Audrey Denney,0,15,0,15
Butte,1916,U.S. House,1,DEM,Audrey Denney,0,6,0,6
Butte,1917,U.S. House,1,DEM,Audrey Denney,1,78,0,79
Butte,1918,U.S. House,1,DEM,Audrey Denney,0,22,0,22
Butte,2201,U.S. House,1,DEM,Audrey Denney,20,834,7,861
Butte,2202,U.S. House,1,DEM,Audrey Denney,11,541,7,559
Butte,2203,U.S. House,1,DEM,Audrey Denney,16,550,4,570
Butte,2204,U.S. House,1,DEM,Audrey Denney,13,1436,16,1465
Butte,2205,U.S. House,1,DEM,Audrey Denney,6,284,4,294
Butte,2206,U.S. House,1,DEM,Audrey Denney,10,787,48,845
Butte,2207,U.S. House,1,DEM,Audrey Denney,0,8,1,9
Butte,2208,U.S. House,1,DEM,Audrey Denney,18,829,71,918
Butte,2209,U.S. House,1,DEM,Audrey Denney,18,758,61,837
Butte,2210,U.S. House,1,DEM,Audrey Denney,7,320,28,355
Butte,2211,U.S. House,1,DEM,Audrey Denney,9,360,8,377
Butte,2212,U.S. House,1,DEM,Audrey Denney,51,1602,34,1687
Butte,2213,U.S. House,1,DEM,Audrey Denney,10,764,24,798
Butte,2214,U.S. House,1,DEM,Audrey Denney,3,570,17,590
Butte,2215,U.S. House,1,DEM,Audrey Denney,16,587,4,607
Butte,2216,U.S. House,1,DEM,Audrey Denney,1,207,2,210
Butte,2217,U.S. House,1,DEM,Audrey Denney,10,429,3,442
Butte,2801,U.S. House,1,DEM,Audrey Denney,15,737,7,759
Butte,2802,U.S. House,1,DEM,Audrey Denney,1,465,1,467
Butte,2804,U.S. House,1,DEM,Audrey Denney,7,445,3,455
Butte,2805,U.S. House,1,DEM,Audrey Denney,2,481,2,485
Butte,2901,U.S. House,1,DEM,Audrey Denney,0,157,0,157
Butte,2902,U.S. House,1,DEM,Audrey Denney,0,193,2,195
Butte,2903,U.S. House,1,DEM,Audrey Denney,0,1,0,1
Butte,2904,U.S. House,1,DEM,Audrey Denney,2,129,3,134
Butte,2905,U.S. House,1,DEM,Audrey Denney,9,151,2,162
Butte,3201,U.S. House,1,DEM,Audrey Denney,2,574,6,582
Butte,3202,U.S. House,1,DEM,Audrey Denney,1,1556,13,1570
Butte,3203,U.S. House,1,DEM,Audrey Denney,3,1034,17,1054
Butte,3204,U.S. House,1,DEM,Audrey Denney,4,249,3,256
Butte,3205,U.S. House,1,DEM,Audrey Denney,2,897,15,914
Butte,3206,U.S. House,1,DEM,Audrey Denney,1,624,6,631
Butte,3207,U.S. House,1,DEM,Audrey Denney,0,340,0,340
Butte,3208,U.S. House,1,DEM,Audrey Denney,2,1246,10,1258
Butte,3209,U.S. House,1,DEM,Audrey Denney,15,1036,11,1062
Butte,3210,U.S. House,1,DEM,Audrey Denney,4,1023,12,1039
Butte,3211,U.S. House,1,DEM,Audrey Denney,24,1124,17,1165
Butte,3212,U.S. House,1,DEM,Audrey Denney,6,700,14,720
Butte,3213,U.S. House,1,DEM,Audrey Denney,15,626,18,659
Butte,3214,U.S. House,1,DEM,Audrey Denney,0,865,6,871
Butte,3215,U.S. House,1,DEM,Audrey Denney,0,713,5,718
Butte,3216,U.S. House,1,DEM,Audrey Denney,2,797,5,804
Butte,3217,U.S. House,1,DEM,Audrey Denney,6,766,12,784
Butte,3218,U.S. House,1,DEM,Audrey Denney,0,486,3,489
Butte,3801,U.S. House,1,DEM,Audrey Denney,0,0,0,0
Butte,3802,U.S. House,1,DEM,Audrey Denney,1,409,0,410
Butte,3803,U.S. House,1,DEM,Audrey Denney,0,0,0,0
Butte,3901,U.S. House,1,DEM,Audrey Denney,0,4,0,4
Butte,3902,U.S. House,1,DEM,Audrey Denney,0,183,1,184
Butte,3903,U.S. House,1,DEM,Audrey Denney,1,95,1,97
Butte,3904,U.S. House,1,DEM,Audrey Denney,1,244,3,248
Butte,3905,U.S. House,1,DEM,Audrey Denney,0,8,0,8
Butte,3906,U.S. House,1,DEM,Audrey Denney,0,14,0,14
Butte,3907,U.S. House,1,DEM,Audrey Denney,0,2,1,3
Butte,4201,U.S. House,1,DEM,Audrey Denney,13,816,70,899
Butte,4202,U.S. House,1,DEM,Audrey Denney,35,1097,39,1171
Butte,4203,U.S. House,1,DEM,Audrey Denney,25,789,15,829
Butte,4204,U.S. House,1,DEM,Audrey Denney,10,612,11,633
Butte,4205,U.S. House,1,DEM,Audrey Denney,17,556,11,584
Butte,4206,U.S. House,1,DEM,Audrey Denney,2,41,4,47
Butte,4301,U.S. House,1,DEM,Audrey Denney,14,731,11,756
Butte,4302,U.S. House,1,DEM,Audrey Denney,17,528,11,556
Butte,4401,U.S. House,1,DEM,Audrey Denney,2,284,2,288
Butte,4801,U.S. House,1,DEM,Audrey Denney,0,477,6,483
Butte,4802,U.S. House,1,DEM,Audrey Denney,1,388,3,392
Butte,4803,U.S. House,1,DEM,Audrey Denney,2,209,3,214
Butte,4804,U.S. House,1,DEM,Audrey Denney,16,330,4,350
Butte,4805,U.S. House,1,DEM,Audrey Denney,5,264,4,273
Butte,4806,U.S. House,1,DEM,Audrey Denney,6,569,2,577
Butte,4807,U.S. House,1,DEM,Audrey Denney,2,130,3,135
Butte,4808,U.S. House,1,DEM,Audrey Denney,10,954,10,974
Butte,4901,U.S. House,1,DEM,Audrey Denney,1,192,1,194
Butte,4902,U.S. House,1,DEM,Audrey Denney,0,0,0,0
Butte,4903,U.S. House,1,DEM,Audrey Denney,0,0,0,0
Butte,4904,U.S. House,1,DEM,Audrey Denney,0,0,0,0
Butte,4905,U.S. House,1,DEM,Audrey Denney,0,53,1,54
Butte,4906,U.S. House,1,DEM,Audrey Denney,0,78,0,78
Butte,4907,U.S. House,1,DEM,Audrey Denney,0,12,0,12
Butte,4908,U.S. House,1,DEM,Audrey Denney,0,18,0,18
Butte,4909,U.S. House,1,DEM,Audrey Denney,1,11,2,14
Butte,4910,U.S. House,1,DEM,Audrey Denney,0,0,0,0
Butte,4911,U.S. House,1,DEM,Audrey Denney,0,38,2,40
Butte,4912,U.S. House,1,DEM,Audrey Denney,0,49,0,49
Butte,4913,U.S. House,1,DEM,Audrey Denney,0,18,0,18
Butte,5201,U.S. House,1,DEM,Audrey Denney,16,804,9,829
Butte,5202,U.S. House,1,DEM,Audrey Denney,0,0,0,0
Butte,5501,U.S. House,1,DEM,Audrey Denney,0,70,0,70
Butte,5502,U.S. House,1,DEM,Audrey Denney,6,94,1,101
Butte,5503,U.S. House,1,DEM,Audrey Denney,1,68,1,70
Butte,5504,U.S. House,1,DEM,Audrey Denney,1,77,0,78
Butte,5505,U.S. House,1,DEM,Audrey Denney,4,150,2,156
Butte,5506,U.S. House,1,DEM,Audrey Denney,3,133,1,137
Butte,5507,U.S. House,1,DEM,Audrey Denney,2,80,2,84
Butte,5508,U.S. House,1,DEM,Audrey Denney,3,56,0,59
Butte,5509,U.S. House,1,DEM,Audrey Denney,6,129,3,138
Butte,5510,U.S. House,1,DEM,Audrey Denney,4,121,3,128
Butte,5511,U.S. House,1,DEM,Audrey Denney,2,182,0,184
Butte,5512,U.S. House,1,DEM,Audrey Denney,1,196,2,199
Butte,5513,U.S. House,1,DEM,Audrey Denney,0,131,5,136
Butte,5801,U.S. House,1,DEM,Audrey Denney,1,202,2,205
Butte,5802,U.S. House,1,DEM,Audrey Denney,9,355,3,367
Butte,5803,U.S. House,1,DEM,Audrey Denney,14,673,12,699
Butte,5804,U.S. House,1,DEM,Audrey Denney,8,278,2,288
Butte,5805,U.S. House,1,DEM,Audrey Denney,2,119,0,121
Butte,5901,U.S. House,1,DEM,Audrey Denney,0,0,0,0
Butte,5902,U.S. House,1,DEM,Audrey Denney,0,21,0,21
Butte,5903,U.S. House,1,DEM,Audrey Denney,0,7,0,7
Butte,5904,U.S. House,1,DEM,Audrey Denney,0,115,1,116
Butte,5905,U.S. House,1,DEM,Audrey Denney,0,160,0,160
Butte,5906,U.S. House,1,DEM,Audrey Denney,0,21,0,21
Butte,5907,U.S. House,1,DEM,Audrey Denney,0,13,1,14
Butte,5908,U.S. House,1,DEM,Audrey Denney,0,6,0,6
Butte,5909,U.S. House,1,DEM,Audrey Denney,4,252,0,256
Butte,5910,U.S. House,1,DEM,Audrey Denney,2,150,1,153
Butte,5911,U.S. House,1,DEM,Audrey Denney,0,119,2,121
Butte,5912,U.S. House,1,DEM,Audrey Denney,0,58,2,60
Butte,5913,U.S. House,1,DEM,Audrey Denney,3,67,3,73
Butte,5914,U.S. House,1,DEM,Audrey Denney,1,65,0,66
Butte,5915,U.S. House,1,DEM,Audrey Denney,0,0,0,0
Butte,5916,U.S. House,1,DEM,Audrey Denney,1,0,0,1
Butte,1101,U.S. House,1,REP,Doug LaMalfa,3,457,13,473
Butte,1102,U.S. House,1,REP,Doug LaMalfa,0,432,14,446
Butte,1103,U.S. House,1,REP,Doug LaMalfa,11,652,13,676
Butte,1104,U.S. House,1,REP,Doug LaMalfa,13,862,13,888
Butte,1105,U.S. House,1,REP,Doug LaMalfa,5,602,7,614
Butte,1106,U.S. House,1,REP,Doug LaMalfa,8,299,4,311
Butte,1801,U.S. House,1,REP,Doug LaMalfa,14,668,6,688
Butte,1802,U.S. House,1,REP,Doug LaMalfa,9,643,7,659
Butte,1803,U.S. House,1,REP,Doug LaMalfa,5,258,10,273
Butte,1804,U.S. House,1,REP,Doug LaMalfa,12,368,10,390
Butte,1805,U.S. House,1,REP,Doug LaMalfa,10,822,3,835
Butte,1806,U.S. House,1,REP,Doug LaMalfa,12,943,6,961
Butte,1807,U.S. House,1,REP,Doug LaMalfa,16,534,4,554
Butte,1808,U.S. House,1,REP,Doug LaMalfa,12,622,7,641
Butte,1809,U.S. House,1,REP,Doug LaMalfa,5,757,9,771
Butte,1810,U.S. House,1,REP,Doug LaMalfa,5,329,10,344
Butte,1811,U.S. House,1,REP,Doug LaMalfa,3,261,6,270
Butte,1812,U.S. House,1,REP,Doug LaMalfa,7,200,1,208
Butte,1813,U.S. House,1,REP,Doug LaMalfa,0,70,1,71
Butte,1901,U.S. House,1,REP,Doug LaMalfa,1,106,3,110
Butte,1902,U.S. House,1,REP,Doug LaMalfa,0,4,0,4
Butte,1903,U.S. House,1,REP,Doug LaMalfa,0,0,0,0
Butte,1904,U.S. House,1,REP,Doug LaMalfa,0,0,0,0
Butte,1905,U.S. House,1,REP,Doug LaMalfa,0,0,0,0
Butte,1906,U.S. House,1,REP,Doug LaMalfa,3,80,3,86
Butte,1907,U.S. House,1,REP,Doug LaMalfa,2,234,2,238
Butte,1908,U.S. House,1,REP,Doug LaMalfa,4,122,4,130
Butte,1909,U.S. House,1,REP,Doug LaMalfa,0,84,1,85
Butte,1910,U.S. House,1,REP,Doug LaMalfa,2,280,4,286
Butte,1911,U.S. House,1,REP,Doug LaMalfa,2,296,0,298
Butte,1912,U.S. House,1,REP,Doug LaMalfa,0,57,0,57
Butte,1913,U.S. House,1,REP,Doug LaMalfa,2,309,1,312
Butte,1914,U.S. House,1,REP,Doug LaMalfa,0,17,0,17
Butte,1915,U.S. House,1,REP,Doug LaMalfa,0,19,0,19
Butte,1916,U.S. House,1,REP,Doug LaMalfa,0,21,0,21
Butte,1917,U.S. House,1,REP,Doug LaMalfa,3,145,1,149
Butte,1918,U.S. House,1,REP,Doug LaMalfa,0,87,0,87
Butte,2201,U.S. House,1,REP,Doug LaMalfa,26,491,8,525
Butte,2202,U.S. House,1,REP,Doug LaMalfa,19,435,7,461
Butte,2203,U.S. House,1,REP,Doug LaMalfa,16,578,7,601
Butte,2204,U.S. House,1,REP,Doug LaMalfa,48,1324,24,1396
Butte,2205,U.S. House,1,REP,Doug LaMalfa,6,213,3,222
Butte,2206,U.S. House,1,REP,Doug LaMalfa,11,174,35,220
Butte,2207,U.S. House,1,REP,Doug LaMalfa,0,1,0,1
Butte,2208,U.S. House,1,REP,Doug LaMalfa,3,167,17,187
Butte,2209,U.S. House,1,REP,Doug LaMalfa,10,140,20,170
Butte,2210,U.S. House,1,REP,Doug LaMalfa,7,75,14,96
Butte,2211,U.S. House,1,REP,Doug LaMalfa,16,259,5,280
Butte,2212,U.S. House,1,REP,Doug LaMalfa,32,445,17,494
Butte,2213,U.S. House,1,REP,Doug LaMalfa,10,223,9,242
Butte,2214,U.S. House,1,REP,Doug LaMalfa,13,229,8,250
Butte,2215,U.S. House,1,REP,Doug LaMalfa,9,465,2,476
Butte,2216,U.S. House,1,REP,Doug LaMalfa,7,216,2,225
Butte,2217,U.S. House,1,REP,Doug LaMalfa,15,195,1,211
Butte,2801,U.S. House,1,REP,Doug LaMalfa,30,588,17,635
Butte,2802,U.S. House,1,REP,Doug LaMalfa,3,296,1,300
Butte,2804,U.S. House,1,REP,Doug LaMalfa,26,774,6,806
Butte,2805,U.S. House,1,REP,Doug LaMalfa,18,816,4,838
Butte,2901,U.S. House,1,REP,Doug LaMalfa,1,121,0,122
Butte,2902,U.S. House,1,REP,Doug LaMalfa,3,258,3,264
Butte,2903,U.S. House,1,REP,Doug LaMalfa,0,2,0,2
Butte,2904,U.S. House,1,REP,Doug LaMalfa,10,263,5,278
Butte,2905,U.S. House,1,REP,Doug LaMalfa,7,216,6,229
Butte,3201,U.S. House,1,REP,Doug LaMalfa,3,419,12,434
Butte,3202,U.S. House,1,REP,Doug LaMalfa,6,1238,26,1270
Butte,3203,U.S. House,1,REP,Doug LaMalfa,8,774,13,795
Butte,3204,U.S. House,1,REP,Doug LaMalfa,4,224,4,232
Butte,3205,U.S. House,1,REP,Doug LaMalfa,2,571,14,587
Butte,3206,U.S. House,1,REP,Doug LaMalfa,2,298,5,305
Butte,3207,U.S. House,1,REP,Doug LaMalfa,2,157,0,159
Butte,3208,U.S. House,1,REP,Doug LaMalfa,4,653,13,670
Butte,3209,U.S. House,1,REP,Doug LaMalfa,7,326,7,340
Butte,3210,U.S. House,1,REP,Doug LaMalfa,3,431,10,444
Butte,3211,U.S. House,1,REP,Doug LaMalfa,35,924,11,970
Butte,3212,U.S. House,1,REP,Doug LaMalfa,15,526,24,565
Butte,3213,U.S. House,1,REP,Doug LaMalfa,30,317,8,355
Butte,3214,U.S. House,1,REP,Doug LaMalfa,2,395,5,402
Butte,3215,U.S. House,1,REP,Doug LaMalfa,7,596,10,613
Butte,3216,U.S. House,1,REP,Doug LaMalfa,5,572,13,590
Butte,3217,U.S. House,1,REP,Doug LaMalfa,9,463,13,485
Butte,3218,U.S. House,1,REP,Doug LaMalfa,0,288,4,292
Butte,3801,U.S. House,1,REP,Doug LaMalfa,0,0,0,0
Butte,3802,U.S. House,1,REP,Doug LaMalfa,10,446,3,459
Butte,3803,U.S. House,1,REP,Doug LaMalfa,0,0,0,0
Butte,3901,U.S. House,1,REP,Doug LaMalfa,1,3,0,4
Butte,3902,U.S. House,1,REP,Doug LaMalfa,0,147,0,147
Butte,3903,U.S. House,1,REP,Doug LaMalfa,1,145,3,149
Butte,3904,U.S. House,1,REP,Doug LaMalfa,2,209,6,217
Butte,3905,U.S. House,1,REP,Doug LaMalfa,0,2,0,2
Butte,3906,U.S. House,1,REP,Doug LaMalfa,0,22,1,23
Butte,3907,U.S. House,1,REP,Doug LaMalfa,0,1,0,1
Butte,4201,U.S. House,1,REP,Doug LaMalfa,10,188,19,217
Butte,4202,U.S. House,1,REP,Doug LaMalfa,17,286,15,318
Butte,4203,U.S. House,1,REP,Doug LaMalfa,37,464,20,521
Butte,4204,U.S. House,1,REP,Doug LaMalfa,24,397,5,426
Butte,4205,U.S. House,1,REP,Doug LaMalfa,15,301,12,328
Butte,4206,U.S. House,1,REP,Doug LaMalfa,0,15,2,17
Butte,4301,U.S. House,1,REP,Doug LaMalfa,39,798,18,855
Butte,4302,U.S. House,1,REP,Doug LaMalfa,24,529,7,560
Butte,4401,U.S. House,1,REP,Doug LaMalfa,17,443,7,467
Butte,4801,U.S. House,1,REP,Doug LaMalfa,6,714,5,725
Butte,4802,U.S. House,1,REP,Doug LaMalfa,3,709,13,725
Butte,4803,U.S. House,1,REP,Doug LaMalfa,30,540,9,579
Butte,4804,U.S. House,1,REP,Doug LaMalfa,37,817,11,865
Butte,4805,U.S. House,1,REP,Doug LaMalfa,22,511,12,545
Butte,4806,U.S. House,1,REP,Doug LaMalfa,39,1142,12,1193
Butte,4807,U.S. House,1,REP,Doug LaMalfa,12,498,0,510
Butte,4808,U.S. House,1,REP,Doug LaMalfa,27,1038,15,1080
Butte,4901,U.S. House,1,REP,Doug LaMalfa,0,285,7,292
Butte,4902,U.S. House,1,REP,Doug LaMalfa,0,0,0,0
Butte,4903,U.S. House,1,REP,Doug LaMalfa,0,0,0,0
Butte,4904,U.S. House,1,REP,Doug LaMalfa,0,0,0,0
Butte,4905,U.S. House,1,REP,Doug LaMalfa,0,118,1,119
Butte,4906,U.S. House,1,REP,Doug LaMalfa,3,138,5,146
Butte,4907,U.S. House,1,REP,Doug LaMalfa,0,22,2,24
Butte,4908,U.S. House,1,REP,Doug LaMalfa,2,28,0,30
Butte,4909,U.S. House,1,REP,Doug LaMalfa,0,21,1,22
Butte,4910,U.S. House,1,REP,Doug LaMalfa,0,0,0,0
Butte,4911,U.S. House,1,REP,Doug LaMalfa,0,53,1,54
Butte,4912,U.S. House,1,REP,Doug LaMalfa,0,227,0,227
Butte,4913,U.S. House,1,REP,Doug LaMalfa,0,32,0,32
Butte,5201,U.S. House,1,REP,Doug LaMalfa,21,617,14,652
Butte,5202,U.S. House,1,REP,Doug LaMalfa,0,0,0,0
Butte,5501,U.S. House,1,REP,Doug LaMalfa,17,95,2,114
Butte,5502,U.S. House,1,REP,Doug LaMalfa,18,123,6,147
Butte,5503,U.S. House,1,REP,Doug LaMalfa,12,143,5,160
Butte,5504,U.S. House,1,REP,Doug LaMalfa,4,68,1,73
Butte,5505,U.S. House,1,REP,Doug LaMalfa,17,237,7,261
Butte,5506,U.S. House,1,REP,Doug LaMalfa,11,222,4,237
Butte,5507,U.S. House,1,REP,Doug LaMalfa,14,107,5,126
Butte,5508,U.S. House,1,REP,Doug LaMalfa,9,91,1,101
Butte,5509,U.S. House,1,REP,Doug LaMalfa,18,182,6,206
Butte,5510,U.S. House,1,REP,Doug LaMalfa,12,219,3,234
Butte,5511,U.S. House,1,REP,Doug LaMalfa,10,229,8,247
Butte,5512,U.S. House,1,REP,Doug LaMalfa,11,275,2,288
Butte,5513,U.S. House,1,REP,Doug LaMalfa,14,257,7,278
Butte,5801,U.S. House,1,REP,Doug LaMalfa,30,238,12,280
Butte,5802,U.S. House,1,REP,Doug LaMalfa,38,393,18,449
Butte,5803,U.S. House,1,REP,Doug LaMalfa,56,888,25,969
Butte,5804,U.S. House,1,REP,Doug LaMalfa,24,434,17,475
Butte,5805,U.S. House,1,REP,Doug LaMalfa,13,169,3,185
Butte,5901,U.S. House,1,REP,Doug LaMalfa,0,1,1,2
Butte,5902,U.S. House,1,REP,Doug LaMalfa,2,32,2,36
Butte,5903,U.S. House,1,REP,Doug LaMalfa,0,22,0,22
Butte,5904,U.S. House,1,REP,Doug LaMalfa,4,256,4,264
Butte,5905,U.S. House,1,REP,Doug LaMalfa,2,154,2,158
Butte,5906,U.S. House,1,REP,Doug LaMalfa,0,10,1,11
Butte,5907,U.S. House,1,REP,Doug LaMalfa,0,13,0,13
Butte,5908,U.S. House,1,REP,Doug LaMalfa,0,0,0,0
Butte,5909,U.S. House,1,REP,Doug LaMalfa,2,150,2,154
Butte,5910,U.S. House,1,REP,Doug LaMalfa,5,264,1,270
Butte,5911,U.S. House,1,REP,Doug LaMalfa,11,229,10,250
Butte,5912,U.S. House,1,REP,Doug LaMalfa,6,77,3,86
Butte,5913,U.S. House,1,REP,Doug LaMalfa,5,152,1,158
Butte,5914,U.S. House,1,REP,Doug LaMalfa,5,124,2,131
Butte,5915,U.S. House,1,REP,Doug LaMalfa,0,0,0,0
Butte,5916,U.S. House,1,REP,Doug LaMalfa,0,2,0,2
Butte,1811,State Assembly,1,REP,Megan Dahle,2,271,6,279
Butte,1813,State Assembly,1,REP,Megan Dahle,0,69,1,70
Butte,1906,State Assembly,1,REP,Megan Dahle,3,81,3,87
Butte,1907,State Assembly,1,REP,Megan Dahle,2,224,2,228
Butte,1908,State Assembly,1,REP,Megan Dahle,2,125,5,132
Butte,1909,State Assembly,1,REP,Megan Dahle,0,81,1,82
Butte,1913,State Assembly,1,REP,Megan Dahle,2,307,1,310
Butte,1916,State Assembly,1,REP,Megan Dahle,0,23,0,23
Butte,2903,State Assembly,1,REP,Megan Dahle,0,2,0,2
Butte,3802,State Assembly,1,REP,Megan Dahle,11,447,3,461
Butte,3901,State Assembly,1,REP,Megan Dahle,1,3,0,4
Butte,3903,State Assembly,1,REP,Megan Dahle,1,159,3,163
Butte,3904,State Assembly,1,REP,Megan Dahle,2,212,4,218
Butte,3905,State Assembly,1,REP,Megan Dahle,0,5,0,5
Butte,5801,State Assembly,1,REP,Megan Dahle,27,254,11,292
Butte,5802,State Assembly,1,REP,Megan Dahle,39,399,18,456
Butte,5803,State Assembly,1,REP,Megan Dahle,52,902,21,975
Butte,5804,State Assembly,1,REP,Megan Dahle,23,445,16,484
Butte,5805,State Assembly,1,REP,Megan Dahle,13,183,3,199
Butte,5901,State Assembly,1,REP,Megan Dahle,0,1,0,1
Butte,5903,State Assembly,1,REP,Megan Dahle,0,21,0,21
Butte,5906,State Assembly,1,REP,Megan Dahle,0,11,1,12
Butte,5907,State Assembly,1,REP,Megan Dahle,0,13,1,14
Butte,5911,State Assembly,1,REP,Megan Dahle,11,233,11,255
Butte,5912,State Assembly,1,REP,Megan Dahle,6,77,0,83
Butte,5915,State Assembly,1,REP,Megan Dahle,0,0,0,0
Butte,1811,State Assembly,1,DEM,Elizabeth Betancourt,5,186,1,192
Butte,1813,State Assembly,1,DEM,Elizabeth Betancourt,0,32,0,32
Butte,1906,State Assembly,1,DEM,Elizabeth Betancourt,0,76,0,76
Butte,1907,State Assembly,1,DEM,Elizabeth Betancourt,0,154,2,156
Butte,1908,State Assembly,1,DEM,Elizabeth Betancourt,3,77,3,83
Butte,1909,State Assembly,1,DEM,Elizabeth Betancourt,0,30,0,30
Butte,1913,State Assembly,1,DEM,Elizabeth Betancourt,0,174,0,174
Butte,1916,State Assembly,1,DEM,Elizabeth Betancourt,0,4,0,4
Butte,2903,State Assembly,1,DEM,Elizabeth Betancourt,0,1,0,1
Butte,3802,State Assembly,1,DEM,Elizabeth Betancourt,0,384,0,384
Butte,3901,State Assembly,1,DEM,Elizabeth Betancourt,0,4,0,4
Butte,3903,State Assembly,1,DEM,Elizabeth Betancourt,1,79,0,80
Butte,3904,State Assembly,1,DEM,Elizabeth Betancourt,1,236,3,240
Butte,3905,State Assembly,1,DEM,Elizabeth Betancourt,0,5,0,5
Butte,5801,State Assembly,1,DEM,Elizabeth Betancourt,2,178,0,180
Butte,5802,State Assembly,1,DEM,Elizabeth Betancourt,8,327,2,337
Butte,5803,State Assembly,1,DEM,Elizabeth Betancourt,13,620,9,642
Butte,5804,State Assembly,1,DEM,Elizabeth Betancourt,7,258,2,267
Butte,5805,State Assembly,1,DEM,Elizabeth Betancourt,2,100,0,102
Butte,5901,State Assembly,1,DEM,Elizabeth Betancourt,0,0,0,0
Butte,5903,State Assembly,1,DEM,Elizabeth Betancourt,0,8,0,8
Butte,5906,State Assembly,1,DEM,Elizabeth Betancourt,0,19,0,19
Butte,5907,State Assembly,1,DEM,Elizabeth Betancourt,0,13,0,13
Butte,5911,State Assembly,1,DEM,Elizabeth Betancourt,0,106,0,106
Butte,5912,State Assembly,1,DEM,Elizabeth Betancourt,0,52,2,54
Butte,5915,State Assembly,1,DEM,Elizabeth Betancourt,0,0,0,0
Butte,1101,State Assembly,3,REP,James Gallagher,3,518,12,533
Butte,1102,State Assembly,3,REP,James Gallagher,1,512,12,525
Butte,1103,State Assembly,3,REP,James Gallagher,11,709,14,734
Butte,1104,State Assembly,3,REP,James Gallagher,13,923,14,950
Butte,1105,State Assembly,3,REP,James Gallagher,7,643,8,658
Butte,1106,State Assembly,3,REP,James Gallagher,11,333,5,349
Butte,1801,State Assembly,3,REP,James Gallagher,14,732,6,752
Butte,1802,State Assembly,3,REP,James Gallagher,8,699,6,713
Butte,1803,State Assembly,3,REP,James Gallagher,5,290,10,305
Butte,1804,State Assembly,3,REP,James Gallagher,14,421,12,447
Butte,1805,State Assembly,3,REP,James Gallagher,12,895,3,910
Butte,1806,State Assembly,3,REP,James Gallagher,13,1002,5,1020
Butte,1807,State Assembly,3,REP,James Gallagher,16,578,5,599
Butte,1808,State Assembly,3,REP,James Gallagher,13,677,8,698
Butte,1809,State Assembly,3,REP,James Gallagher,7,798,7,812
Butte,1810,State Assembly,3,REP,James Gallagher,5,360,10,375
Butte,1812,State Assembly,3,REP,James Gallagher,6,223,1,230
Butte,1901,State Assembly,3,REP,James Gallagher,1,120,3,124
Butte,1902,State Assembly,3,REP,James Gallagher,0,3,0,3
Butte,1903,State Assembly,3,REP,James Gallagher,0,0,0,0
Butte,1904,State Assembly,3,REP,James Gallagher,0,0,0,0
Butte,1905,State Assembly,3,REP,James Gallagher,0,0,0,0
Butte,1910,State Assembly,3,REP,James Gallagher,3,290,4,297
Butte,1911,State Assembly,3,REP,James Gallagher,2,337,0,339
Butte,1912,State Assembly,3,REP,James Gallagher,0,65,0,65
Butte,1914,State Assembly,3,REP,James Gallagher,0,18,0,18
Butte,1915,State Assembly,3,REP,James Gallagher,0,22,0,22
Butte,1917,State Assembly,3,REP,James Gallagher,4,157,1,162
Butte,1918,State Assembly,3,REP,James Gallagher,0,88,0,88
Butte,2201,State Assembly,3,REP,James Gallagher,27,582,7,616
Butte,2202,State Assembly,3,REP,James Gallagher,21,519,11,551
Butte,2203,State Assembly,3,REP,James Gallagher,21,698,6,725
Butte,2204,State Assembly,3,REP,James Gallagher,49,1559,30,1638
Butte,2205,State Assembly,3,REP,James Gallagher,6,241,4,251
Butte,2206,State Assembly,3,REP,James Gallagher,13,237,45,295
Butte,2207,State Assembly,3,REP,James Gallagher,0,1,0,1
Butte,2208,State Assembly,3,REP,James Gallagher,6,222,26,254
Butte,2209,State Assembly,3,REP,James Gallagher,12,188,21,221
Butte,2210,State Assembly,3,REP,James Gallagher,6,102,12,120
Butte,2211,State Assembly,3,REP,James Gallagher,16,295,9,320
Butte,2212,State Assembly,3,REP,James Gallagher,40,581,25,646
Butte,2213,State Assembly,3,REP,James Gallagher,10,281,11,302
Butte,2214,State Assembly,3,REP,James Gallagher,13,318,10,341
Butte,2215,State Assembly,3,REP,James Gallagher,14,551,3,568
Butte,2216,State Assembly,3,REP,James Gallagher,7,255,2,264
Butte,2217,State Assembly,3,REP,James Gallagher,16,236,1,253
Butte,2801,State Assembly,3,REP,James Gallagher,29,703,16,748
Butte,2802,State Assembly,3,REP,James Gallagher,3,379,1,383
Butte,2804,State Assembly,3,REP,James Gallagher,27,842,6,875
Butte,2805,State Assembly,3,REP,James Gallagher,18,899,4,921
Butte,2901,State Assembly,3,REP,James Gallagher,1,146,0,147
Butte,2902,State Assembly,3,REP,James Gallagher,3,283,3,289
Butte,2904,State Assembly,3,REP,James Gallagher,11,276,6,293
Butte,2905,State Assembly,3,REP,James Gallagher,8,242,5,255
Butte,3201,State Assembly,3,REP,James Gallagher,3,518,14,535
Butte,3202,State Assembly,3,REP,James Gallagher,6,1511,27,1544
Butte,3203,State Assembly,3,REP,James Gallagher,9,907,12,928
Butte,3204,State Assembly,3,REP,James Gallagher,3,264,5,272
Butte,3205,State Assembly,3,REP,James Gallagher,3,712,19,734
Butte,3206,State Assembly,3,REP,James Gallagher,3,379,5,387
Butte,3207,State Assembly,3,REP,James Gallagher,2,209,0,211
Butte,3208,State Assembly,3,REP,James Gallagher,4,829,12,845
Butte,3209,State Assembly,3,REP,James Gallagher,8,408,8,424
Butte,3210,State Assembly,3,REP,James Gallagher,4,570,10,584
Butte,3211,State Assembly,3,REP,James Gallagher,41,1054,16,1111
Butte,3212,State Assembly,3,REP,James Gallagher,14,597,23,634
Butte,3213,State Assembly,3,REP,James Gallagher,30,375,7,412
Butte,3214,State Assembly,3,REP,James Gallagher,2,483,5,490
Butte,3215,State Assembly,3,REP,James Gallagher,7,692,10,709
Butte,3216,State Assembly,3,REP,James Gallagher,7,675,12,694
Butte,3217,State Assembly,3,REP,James Gallagher,11,557,17,585
Butte,3218,State Assembly,3,REP,James Gallagher,0,358,4,362
Butte,3801,State Assembly,3,REP,James Gallagher,0,0,0,0
Butte,3803,State Assembly,3,REP,James Gallagher,0,0,0,0
Butte,3902,State Assembly,3,REP,James Gallagher,0,173,0,173
Butte,3906,State Assembly,3,REP,James Gallagher,0,23,1,24
Butte,3907,State Assembly,3,REP,James Gallagher,0,1,0,1
Butte,4201,State Assembly,3,REP,James Gallagher,10,259,22,291
Butte,4202,State Assembly,3,REP,James Gallagher,22,358,24,404
Butte,4203,State Assembly,3,REP,James Gallagher,40,528,19,587
Butte,4204,State Assembly,3,REP,James Gallagher,24,454,10,488
Butte,4205,State Assembly,3,REP,James Gallagher,21,352,11,384
Butte,4206,State Assembly,3,REP,James Gallagher,0,18,3,21
Butte,4301,State Assembly,3,REP,James Gallagher,41,869,18,928
Butte,4302,State Assembly,3,REP,James Gallagher,25,606,7,638
Butte,4401,State Assembly,3,REP,James Gallagher,18,485,6,509
Butte,4801,State Assembly,3,REP,James Gallagher,6,778,8,792
Butte,4802,State Assembly,3,REP,James Gallagher,3,763,12,778
Butte,4803,State Assembly,3,REP,James Gallagher,29,574,9,612
Butte,4804,State Assembly,3,REP,James Gallagher,42,880,13,935
Butte,4805,State Assembly,3,REP,James Gallagher,21,571,13,605
Butte,4806,State Assembly,3,REP,James Gallagher,41,1274,12,1327
Butte,4807,State Assembly,3,REP,James Gallagher,15,535,1,551
Butte,4808,State Assembly,3,REP,James Gallagher,30,1195,15,1240
Butte,4901,State Assembly,3,REP,James Gallagher,1,314,7,322
Butte,4902,State Assembly,3,REP,James Gallagher,0,0,0,0
Butte,4903,State Assembly,3,REP,James Gallagher,0,0,0,0
Butte,4904,State Assembly,3,REP,James Gallagher,0,0,0,0
Butte,4905,State Assembly,3,REP,James Gallagher,0,127,1,128
Butte,4906,State Assembly,3,REP,James Gallagher,2,146,4,152
Butte,4907,State Assembly,3,REP,James Gallagher,0,26,2,28
Butte,4908,State Assembly,3,REP,James Gallagher,2,31,0,33
Butte,4909,State Assembly,3,REP,James Gallagher,0,24,2,26
Butte,4910,State Assembly,3,REP,James Gallagher,0,0,0,0
Butte,4911,State Assembly,3,REP,James Gallagher,0,60,1,61
Butte,4912,State Assembly,3,REP,James Gallagher,0,231,0,231
Butte,4913,State Assembly,3,REP,James Gallagher,0,30,0,30
Butte,5201,State Assembly,3,REP,James Gallagher,23,730,15,768
Butte,5202,State Assembly,3,REP,James Gallagher,0,0,0,0
Butte,5501,State Assembly,3,REP,James Gallagher,16,109,2,127
Butte,5502,State Assembly,3,REP,James Gallagher,20,145,6,171
Butte,5503,State Assembly,3,REP,James Gallagher,11,151,5,167
Butte,5504,State Assembly,3,REP,James Gallagher,4,79,1,84
Butte,5505,State Assembly,3,REP,James Gallagher,18,265,8,291
Butte,5506,State Assembly,3,REP,James Gallagher,10,251,4,265
Butte,5507,State Assembly,3,REP,James Gallagher,13,115,5,133
Butte,5508,State Assembly,3,REP,James Gallagher,9,100,1,110
Butte,5509,State Assembly,3,REP,James Gallagher,21,192,6,219
Butte,5510,State Assembly,3,REP,James Gallagher,12,235,4,251
Butte,5511,State Assembly,3,REP,James Gallagher,8,269,8,285
Butte,5512,State Assembly,3,REP,James Gallagher,11,305,2,318
Butte,5513,State Assembly,3,REP,James Gallagher,14,282,8,304
Butte,5902,State Assembly,3,REP,James Gallagher,2,32,2,36
Butte,5904,State Assembly,3,REP,James Gallagher,4,269,4,277
Butte,5905,State Assembly,3,REP,James Gallagher,2,185,2,189
Butte,5908,State Assembly,3,REP,James Gallagher,0,0,0,0
Butte,5909,State Assembly,3,REP,James Gallagher,3,182,1,186
Butte,5910,State Assembly,3,REP,James Gallagher,4,286,1,291
Butte,5913,State Assembly,3,REP,James Gallagher,5,163,1,169
Butte,5914,State Assembly,3,REP,James Gallagher,6,137,2,145
Butte,5916,State Assembly,3,REP,James Gallagher,0,2,0,2
Butte,1101,State Assembly,3,DEM,James Henson,0,345,5,350
Butte,1102,State Assembly,3,DEM,James Henson,1,416,5,422
Butte,1103,State Assembly,3,DEM,James Henson,2,487,4,493
Butte,1104,State Assembly,3,DEM,James Henson,0,349,4,353
Butte,1105,State Assembly,3,DEM,James Henson,1,275,1,277
Butte,1106,State Assembly,3,DEM,James Henson,3,322,4,329
Butte,1801,State Assembly,3,DEM,James Henson,1,239,1,241
Butte,1802,State Assembly,3,DEM,James Henson,1,227,1,229
Butte,1803,State Assembly,3,DEM,James Henson,0,117,2,119
Butte,1804,State Assembly,3,DEM,James Henson,3,232,1,236
Butte,1805,State Assembly,3,DEM,James Henson,0,393,2,395
Butte,1806,State Assembly,3,DEM,James Henson,1,425,3,429
Butte,1807,State Assembly,3,DEM,James Henson,1,201,3,205
Butte,1808,State Assembly,3,DEM,James Henson,3,268,3,274
Butte,1809,State Assembly,3,DEM,James Henson,2,241,2,245
Butte,1810,State Assembly,3,DEM,James Henson,1,131,0,132
Butte,1812,State Assembly,3,DEM,James Henson,2,97,3,102
Butte,1901,State Assembly,3,DEM,James Henson,0,80,0,80
Butte,1902,State Assembly,3,DEM,James Henson,0,10,0,10
Butte,1903,State Assembly,3,DEM,James Henson,0,0,0,0
Butte,1904,State Assembly,3,DEM,James Henson,0,0,0,0
Butte,1905,State Assembly,3,DEM,James Henson,0,0,0,0
Butte,1910,State Assembly,3,DEM,James Henson,0,116,0,116
Butte,1911,State Assembly,3,DEM,James Henson,1,97,1,99
Butte,1912,State Assembly,3,DEM,James Henson,0,20,0,20
Butte,1914,State Assembly,3,DEM,James Henson,0,9,0,9
Butte,1915,State Assembly,3,DEM,James Henson,0,12,0,12
Butte,1917,State Assembly,3,DEM,James Henson,0,63,0,63
Butte,1918,State Assembly,3,DEM,James Henson,0,20,0,20
Butte,2201,State Assembly,3,DEM,James Henson,18,700,6,724
Butte,2202,State Assembly,3,DEM,James Henson,8,438,3,449
Butte,2203,State Assembly,3,DEM,James Henson,8,416,4,428
Butte,2204,State Assembly,3,DEM,James Henson,14,1131,9,1154
Butte,2205,State Assembly,3,DEM,James Henson,6,239,2,247
Butte,2206,State Assembly,3,DEM,James Henson,8,696,34,738
Butte,2207,State Assembly,3,DEM,James Henson,0,8,1,9
Butte,2208,State Assembly,3,DEM,James Henson,11,745,58,814
Butte,2209,State Assembly,3,DEM,James Henson,13,672,55,740
Butte,2210,State Assembly,3,DEM,James Henson,7,277,27,311
Butte,2211,State Assembly,3,DEM,James Henson,8,299,4,311
Butte,2212,State Assembly,3,DEM,James Henson,41,1411,21,1473
Butte,2213,State Assembly,3,DEM,James Henson,8,679,21,708
Butte,2214,State Assembly,3,DEM,James Henson,3,455,13,471
Butte,2215,State Assembly,3,DEM,James Henson,11,480,3,494
Butte,2216,State Assembly,3,DEM,James Henson,1,164,2,167
Butte,2217,State Assembly,3,DEM,James Henson,6,374,2,382
Butte,2801,State Assembly,3,DEM,James Henson,14,587,6,607
Butte,2802,State Assembly,3,DEM,James Henson,1,362,0,363
Butte,2804,State Assembly,3,DEM,James Henson,5,359,2,366
Butte,2805,State Assembly,3,DEM,James Henson,2,371,2,375
Butte,2901,State Assembly,3,DEM,James Henson,0,128,0,128
Butte,2902,State Assembly,3,DEM,James Henson,0,162,2,164
Butte,2904,State Assembly,3,DEM,James Henson,1,108,1,110
Butte,2905,State Assembly,3,DEM,James Henson,7,116,1,124
Butte,3201,State Assembly,3,DEM,James Henson,2,453,4,459
Butte,3202,State Assembly,3,DEM,James Henson,0,1224,6,1230
Butte,3203,State Assembly,3,DEM,James Henson,2,856,15,873
Butte,3204,State Assembly,3,DEM,James Henson,3,194,2,199
Butte,3205,State Assembly,3,DEM,James Henson,1,721,9,731
Butte,3206,State Assembly,3,DEM,James Henson,0,525,6,531
Butte,3207,State Assembly,3,DEM,James Henson,0,274,0,274
Butte,3208,State Assembly,3,DEM,James Henson,2,1031,10,1043
Butte,3209,State Assembly,3,DEM,James Henson,13,922,10,945
Butte,3210,State Assembly,3,DEM,James Henson,3,851,9,863
Butte,3211,State Assembly,3,DEM,James Henson,16,935,12,963
Butte,3212,State Assembly,3,DEM,James Henson,6,602,12,620
Butte,3213,State Assembly,3,DEM,James Henson,12,538,17,567
Butte,3214,State Assembly,3,DEM,James Henson,0,737,6,743
Butte,3215,State Assembly,3,DEM,James Henson,0,580,5,585
Butte,3216,State Assembly,3,DEM,James Henson,0,670,5,675
Butte,3217,State Assembly,3,DEM,James Henson,4,651,7,662
Butte,3218,State Assembly,3,DEM,James Henson,0,400,3,403
Butte,3801,State Assembly,3,DEM,James Henson,0,0,0,0
Butte,3803,State Assembly,3,DEM,James Henson,0,0,0,0
Butte,3902,State Assembly,3,DEM,James Henson,0,148,1,149
Butte,3906,State Assembly,3,DEM,James Henson,0,13,0,13
Butte,3907,State Assembly,3,DEM,James Henson,0,2,1,3
Butte,4201,State Assembly,3,DEM,James Henson,12,718,60,790
Butte,4202,State Assembly,3,DEM,James Henson,27,975,27,1029
Butte,4203,State Assembly,3,DEM,James Henson,18,693,15,726
Butte,4204,State Assembly,3,DEM,James Henson,8,522,5,535
Butte,4205,State Assembly,3,DEM,James Henson,9,487,10,506
Butte,4206,State Assembly,3,DEM,James Henson,2,36,3,41
Butte,4301,State Assembly,3,DEM,James Henson,10,634,11,655
Butte,4302,State Assembly,3,DEM,James Henson,13,449,11,473
Butte,4401,State Assembly,3,DEM,James Henson,2,238,3,243
Butte,4801,State Assembly,3,DEM,James Henson,0,398,3,401
Butte,4802,State Assembly,3,DEM,James Henson,1,325,4,330
Butte,4803,State Assembly,3,DEM,James Henson,2,166,3,171
Butte,4804,State Assembly,3,DEM,James Henson,11,264,2,277
Butte,4805,State Assembly,3,DEM,James Henson,5,190,2,197
Butte,4806,State Assembly,3,DEM,James Henson,3,409,2,414
Butte,4807,State Assembly,3,DEM,James Henson,1,87,2,90
Butte,4808,State Assembly,3,DEM,James Henson,6,761,6,773
Butte,4901,State Assembly,3,DEM,James Henson,0,155,1,156
Butte,4902,State Assembly,3,DEM,James Henson,0,0,0,0
Butte,4903,State Assembly,3,DEM,James Henson,0,0,0,0
Butte,4904,State Assembly,3,DEM,James Henson,0,0,0,0
Butte,4905,State Assembly,3,DEM,James Henson,0,43,1,44
Butte,4906,State Assembly,3,DEM,James Henson,0,65,1,66
Butte,4907,State Assembly,3,DEM,James Henson,0,7,0,7
Butte,4908,State Assembly,3,DEM,James Henson,0,15,0,15
Butte,4909,State Assembly,3,DEM,James Henson,1,9,1,11
Butte,4910,State Assembly,3,DEM,James Henson,0,0,0,0
Butte,4911,State Assembly,3,DEM,James Henson,0,32,1,33
Butte,4912,State Assembly,3,DEM,James Henson,0,42,0,42
Butte,4913,State Assembly,3,DEM,James Henson,0,20,0,20
Butte,5201,State Assembly,3,DEM,James Henson,13,651,6,670
Butte,5202,State Assembly,3,DEM,James Henson,0,0,0,0
Butte,5501,State Assembly,3,DEM,James Henson,1,55,0,56
Butte,5502,State Assembly,3,DEM,James Henson,3,69,1,73
Butte,5503,State Assembly,3,DEM,James Henson,1,58,1,60
Butte,5504,State Assembly,3,DEM,James Henson,1,65,0,66
Butte,5505,State Assembly,3,DEM,James Henson,4,117,1,122
Butte,5506,State Assembly,3,DEM,James Henson,3,97,1,101
Butte,5507,State Assembly,3,DEM,James Henson,2,68,1,71
Butte,5508,State Assembly,3,DEM,James Henson,3,47,0,50
Butte,5509,State Assembly,3,DEM,James Henson,3,117,3,123
Butte,5510,State Assembly,3,DEM,James Henson,4,99,2,105
Butte,5511,State Assembly,3,DEM,James Henson,3,133,0,136
Butte,5512,State Assembly,3,DEM,James Henson,1,162,2,165
Butte,5513,State Assembly,3,DEM,James Henson,0,100,1,101
Butte,5902,State Assembly,3,DEM,James Henson,0,21,0,21
Butte,5904,State Assembly,3,DEM,James Henson,0,103,1,104
Butte,5905,State Assembly,3,DEM,James Henson,0,122,0,122
Butte,5908,State Assembly,3,DEM,James Henson,0,6,0,6
Butte,5909,State Assembly,3,DEM,James Henson,3,215,0,218
Butte,5910,State Assembly,3,DEM,James Henson,3,126,1,130
Butte,5913,State Assembly,3,DEM,James Henson,3,54,2,59
Butte,5914,State Assembly,3,DEM,James Henson,0,50,0,50
Butte,5916,State Assembly,3,DEM,James Henson,1,0,0,1